Dia;Sessao;Turno;Horario_Inicio;Bloco;Sala;Ordem;Evento;Código do Resumo;Título;Submissor;Área;Modalidade
Segunda-feira;Sessão 3;Tarde;14:00;Ciências da Terra;CT01;1;24ª - EAF;202626293;Live de Divulgação da Licenciatura em Educação do Campo Uma Forma de Alcançar os Candidatos a Futuros Professores;ANDRESSA KERECZ TAVARES;Educação;Comunicação Oral
Segunda-feira;Sessão 3;Tarde;14:16;Ciências da Terra;CT01;2;24ª - EAF;202626292;A Contribuição dos Eventos na Formação do Pet Educampo, Águas e Florestas da Ufpr;ANDRESSA KERECZ TAVARES;Educação;Comunicação Oral
Segunda-feira;Sessão 3;Tarde;14:32;Ciências da Terra;CT01;3;24ª - EAF;202626291;Clube de Leitura e Escrita Acadêmica: Desenvolvimento de Competências em Gêneros Textuais;ANDRESSA KERECZ TAVARES;Educação;Comunicação Oral
Segunda-feira;Sessão 3;Tarde;14:48;Ciências da Terra;CT01;4;24ª - EAF;202625549;Jogos Indígenas na Ufpr: Esporte, Cultura e Identidade;ANA ELISA DE CASTRO FREITAS;Cultura;Comunicação Oral
Segunda-feira;Sessão 3;Tarde;15:04;Ciências da Terra;CT01;5;24ª - EAF;202625162;Organização Interna do Grupo Pet Comunidades do Campo;VALDIR FRIGO DENARDIN;Educação;Comunicação Oral
Segunda-feira;Sessão 3;Tarde;14:00;Ciências da Terra;CT02;1;24ª - EAF;202625154;Pet Debuta: Um Evento Formativo em Diálogo com a Agricultura Familiar;VALDIR FRIGO DENARDIN;Cultura;Comunicação Oral
Segunda-feira;Sessão 3;Tarde;14:20;Ciências da Terra;CT02;2;24ª - EAF;202625150;Aproximação com a Prática da Meliponicultura: o Caso Abelha Brasil em Mandirituba (pr);VALDIR FRIGO DENARDIN;Meio Ambiente;Comunicação Oral
Segunda-feira;Sessão 3;Tarde;14:40;Ciências da Terra;CT02;3;24ª - EAF;202625139;Cinepet Conexões: o Uso de Audiovisuais para Divulgação de Conhecimentos e Reflexão;VALDIR FRIGO DENARDIN;Cultura;Comunicação Oral
Segunda-feira;Sessão 3;Tarde;15:00;Ciências da Terra;CT02;4;24ª - EAF;202624450;Participação do Pet Ls em Eventos Externos: da Escolha Coletiva À Produção e Divulgação Científica;MAYRA TAIZA SULZBACH;Comunicação;Comunicação Oral
Segunda-feira;Sessão 3;Tarde;14:00;Ciências da Terra;CT03;1;24ª - EAF;202623442;Ponte de Saberes: Metodologia Informacional para Ampliação do Acesso Ao Ensino Superior no Litoral Paranaense;MAYRA TAIZA SULZBACH;Direitos Humanos e Justiça;Comunicação Oral
Segunda-feira;Sessão 3;Tarde;14:20;Ciências da Terra;CT03;2;24ª - EAF;202623425;Roda de Conversa Sobre Projetos Pedagógicos de Cursos do Setor Litoral da Universidade Federal do Paraná - 2026;MAYRA TAIZA SULZBACH;Educação;Comunicação Oral
Segunda-feira;Sessão 3;Tarde;14:40;Ciências da Terra;CT03;3;24ª - EAF;202623146;Aprendizados na Organização de Eventos: para Além do Seminário de Desenvolvimento Sustentável;MAYRA TAIZA SULZBACH;Comunicação;Comunicação Oral
Segunda-feira;Sessão 3;Tarde;15:00;Ciências da Terra;CT03;4;24ª - EAF;202623125;Integração Universidade Escola: a Feira Regional de Ciências do Litoral do Paraná Como Espaço de Reflexões Ambientais;MAYRA TAIZA SULZBACH;Meio Ambiente;Oficina
Segunda-feira;Sessão 3;Tarde;14:00;Ciências da Terra;CT05;1;24ª - EAF;202623124;Participação do Pet Ls no Xiii Seminário do Estatuto da Criança e do Adolescente;MAYRA TAIZA SULZBACH;Direitos Humanos e Justiça;Comunicação Oral
Segunda-feira;Sessão 3;Tarde;14:20;Ciências da Terra;CT05;2;24ª - EAF;202623121;Pet Saberes: Conhecimentos Interdisciplinares e Atividades Complementares;MAYRA TAIZA SULZBACH;Educação;Comunicação Oral
Segunda-feira;Sessão 3;Tarde;14:40;Ciências da Terra;CT05;3;24ª - EAF;202623112;Práticas de Cerâmica na Educação Superior: Conectando Saberes Contemporâneos e Ancestrais.;ANA ELISA DE CASTRO FREITAS;Educação;Oficina
Segunda-feira;Sessão 3;Tarde;15:00;Ciências da Terra;CT05;4;24ª - EAF;202623111;Vãfy: Etnomídia, Memória e Protagonismo no Pet Litoral Indígena;ANA ELISA DE CASTRO FREITAS;Comunicação;Oficina
Segunda-feira;Sessão 3;Tarde;14:00;Ciências da Terra;CT06;1;24ª - EAF;202623103;Fortalecimento da Educação em Direitos Indígenas: o Processo de Criação Coletiva de Um Livro Infantojuvenil Indígena;ANA ELISA DE CASTRO FREITAS;Educação;Comunicação Oral
Segunda-feira;Sessão 3;Tarde;14:20;Ciências da Terra;CT06;2;24ª - EAF;202623098;A Tríade Universitária na Recepção dos Calouros do Setor Litoral da Ufpr - 2026;MAYRA TAIZA SULZBACH;Educação;Comunicação Oral
Segunda-feira;Sessão 3;Tarde;14:40;Ciências da Terra;CT06;3;24ª - EAF;202623082;Hãtxa Kuĩ : Raízes Que Alimentam, Tradição e Bem- Viver na Agroecologia;ANA ELISA DE CASTRO FREITAS;Cultura;Oficina
Segunda-feira;Sessão 3;Tarde;15:00;Ciências da Terra;CT06;4;24ª - EAF;202623081;Participação do Pet Litoral Indígena na Ampliação do Ingresso de Estudantes Indígenas na Ufpr;ANA ELISA DE CASTRO FREITAS;Educação;Comunicação Oral
Segunda-feira;Sessão 3;Tarde;14:00;Ciências Exatas;PA-03;1;24ª - EAF;202626287;Debates e Vivências Sobre a Organização do Trabalho Pedagógico na Escola;EVERTON RIBEIRO;Educação;Comunicação Oral
Segunda-feira;Sessão 3;Tarde;14:16;Ciências Exatas;PA-03;2;7ª - EDISPE;202623832;Sexualidade, Gênero e Violência: Artivismo e Contemporaneidade;EVERTON RIBEIRO;Direitos Humanos e Justiça;Comunicação Oral
Segunda-feira;Sessão 3;Tarde;14:32;Ciências Exatas;PA-03;3;7ª - EDISPE;202623116;O Impacto da Lgbtfobia na Saúde Integral de Adolescentes Gays, Lésbicas e Transexuais em Idade Escolar;EVERTON RIBEIRO;Direitos Humanos e Justiça;Comunicação Oral
Segunda-feira;Sessão 3;Tarde;14:48;Ciências Exatas;PA-03;4;2ª - EPEx-PG;202625680;Entre Línguas e Pertencimentos: o Português Como Língua de Acolhimento na Experiência de Crianças Migrantes;ADRIELLI CYBELLE CORDEIRO DA SILVA DE FRANCA;Educação;Comunicação Oral
Segunda-feira;Sessão 3;Tarde;15:04;Ciências Exatas;PA-03;5;2ª - EPEx-PG;202624396;Entre o Silêncio e o Grito: Juventudes, Diversidade e Enfrentamento das Violências no Contexto Escolar;NICOLY CRISTINE DAMBROSKI DO ROSARIO;Educação;Comunicação Oral
Segunda-feira;Sessão 3;Tarde;14:00;Ciências Exatas;PA-04;1;2ª - EPEx-PG;202625944;Parque da Vida: a Diversão Segura Começa com o Cinto - Psicologia para Todos;ANA JULIA PEREIRA BORGES;Tecnologia e Produção;Comunicação Oral
Segunda-feira;Sessão 3;Tarde;14:00;Ciências Exatas;PA-05;1;2ª - EPEx-PG;202625837;Zona de Convergência Intertropical Associada À Variabilidade do Gelo Marinho Ártico e Antártico e Impactos nos Extremos de Precipitação Pluvial na América do Sul;CECILIA DOS SANTOS TAVARES;Meio Ambiente;Comunicação Oral
Segunda-feira;Sessão 3;Tarde;14:00;Ciências Exatas;PA-07;1;2ª - EPEx-PG;202625378;Pesquisa & Extensão nas Redes: Divulgação Científica nas Redes Sociais do Observatório do Ensino Médio;ISABELA ALVES MIRANDA;Comunicação;Comunicação Oral
Segunda-feira;Sessão 3;Tarde;14:00;Ciências Exatas;PA-08;1;2ª - EPEx-PG;202625270;A Flauta Doce no Contexto da Educação Musical Brasileira;BRUNA CRISTINE RIBEIRO DE OLIVEIRA;Educação;Comunicação Oral
Segunda-feira;Sessão 3;Tarde;14:00;Ciências Exatas;PA-09;1;2ª - EPEx-PG;202625243;Intervenção em Neuropsicologia e Doenças Crônicas: Qualidade de Vida e Inclusão;GABRIELA WEINERT MORAES;Saúde;Comunicação Oral
Segunda-feira;Sessão 3;Tarde;14:20;Ciências Exatas;PA-09;2;2ª - EPEx-PG;202625215;Intervenção em Neuropsicologia e Doenças Crônicas: Qualidade de Vida e Inclusão;JOAO PAULO GUIMARAES FACIROLI;Saúde;Comunicação Oral
Segunda-feira;Sessão 3;Tarde;14:40;Ciências Exatas;PA-09;3;2ª - EPEx-PG;202625208;Intervenção em Neuropsicologia e Doenças Crônicas: Qualidade de Vida e Inclusão;TIARA TEREZINHA MATTE BORGES MACHADO;Saúde;Comunicação Oral
Segunda-feira;Sessão 3;Tarde;15:00;Ciências Exatas;PA-09;4;2ª - EPEx-PG;202625202;Intervenção em Neuropsicologia e Doenças Crônicas: Qualidade de Vida e Inclusão;DIEGO MACIEL LIMA;Saúde;Comunicação Oral
Segunda-feira;Sessão 3;Tarde;14:20;Ciências Exatas;PA-08;2;2ª - EPEx-PG;202625182;Divulgação Científica da Geologia em Lares de Acolhimento;ANA CECILIA BRANCO SOWINSKI;Educação;Comunicação Oral
Segunda-feira;Sessão 3;Tarde;14:20;Ciências Exatas;PA-07;2;2ª - EPEx-PG;202625168;Pppgcom, Pesquisa e Extensão;MARIANA BASSO APOLINARIO;Comunicação;Comunicação Oral
Segunda-feira;Sessão 3;Tarde;14:40;Ciências Exatas;PA-08;3;2ª - EPEx-PG;202625133;Experiências Extensionistas na Pós-graduação em Física;MARCELO PRADO CIONEK;Educação;Comunicação Oral
Segunda-feira;Sessão 4;Tarde;16:10;Ciências da Terra;CT01;1;2ª - EPEx-PG;202625079;Intervenção em Neuropsicologia e Doenças Crônicas: Qualidade de Vida e Inclusão;LAIS FARIA MASULK CARDOZO;Saúde;Comunicação Oral
Segunda-feira;Sessão 4;Tarde;16:30;Ciências da Terra;CT01;2;2ª - EPEx-PG;202625067;Impacto do Tratamento de Pontos Gatilho Miofasciais na Percepção do Zumbido Somatossensorial;GABRIELA SCHUMACHER DE CAMARGO;Saúde;Comunicação Oral
Segunda-feira;Sessão 3;Tarde;15:00;Ciências Exatas;PA-08;4;2ª - EPEx-PG;202625031;Grupo de Estudos e Debates Sobre Políticas de Educação Profissional e Tecnológica - Gedept;MARIANA CEQUINEL BORGES DE SOUZA;Educação;Comunicação Oral
Segunda-feira;Sessão 3;Tarde;14:20;Ciências Exatas;PA-04;2;2ª - EPEx-PG;202624758;Atuação Extensionista de Agentes Regionais de Inovação da Ufpr nos Ecossistemas de Curitiba, Região Metropolitana e Litoral;PAMELLA MEDICE DE ARAUJO;Tecnologia e Produção;Comunicação Oral
Segunda-feira;Sessão 4;Tarde;16:10;Ciências da Terra;CT02;1;2ª - EPEx-PG;202624632;A Prova-escrita-em-fases Como Instrumento de Avaliação em Matemática;ISABELE ANDRADE VICHINIESKI;Não se aplica (Opção exclusiva para a modalidade de pesquisa);Comunicação Oral
Segunda-feira;Sessão 3;Tarde;14:40;Ciências Exatas;PA-04;3;2ª - EPEx-PG;202624597;Atuação Extensionista de Agentes Regionais de Inovação da Ufpr nos Ecossistemas de Curitiba, Região Metropolitana e Litoral;ARTUR OLIARI LIRA;Tecnologia e Produção;Comunicação Oral
Segunda-feira;Sessão 3;Tarde;15:00;Ciências Exatas;PA-04;4;2ª - EPEx-PG;202624584;Atuação Extensionista de Agentes Regionais de Inovação da Ufpr nos Ecossistemas de Curitiba, Região Metropolitana e Litoral;AMELIA GONCALVES RIBEIRO;Tecnologia e Produção;Comunicação Oral
Segunda-feira;Sessão 3;Tarde;14:40;Ciências Exatas;PA-07;3;2ª - EPEx-PG;202624580;Pontes do Diálogo: a Comunicação dos Projetos de Extensão Ligados Ao Coletivo Plantear;GAB DA SILVEIRA MULLER;Comunicação;Comunicação Oral
Segunda-feira;Sessão 4;Tarde;16:10;Ciências da Terra;CT03;1;2ª - EPEx-PG;202624578;Atuação Extensionista de Agentes Regionais de Inovação da Ufpr nos Ecossistemas de Curitiba, Região Metropolitana e Litoral;LAISLA DANTAS CHAGAS;Tecnologia e Produção;Comunicação Oral
Segunda-feira;Sessão 4;Tarde;16:10;Ciências da Terra;CT05;1;2ª - EPEx-PG;202624571;Percurso do Ekoa Rumo À Cop30 de Belém do Pará;GABRIEL VICENTE ANDRADE;Direitos Humanos e Justiça;Comunicação Oral
Segunda-feira;Sessão 4;Tarde;16:50;Ciências da Terra;CT01;3;2ª - EPEx-PG;202624552;Amamentar com Suporte: Estratégias Baseadas em Evidências para o Enfrentamento da Hipogalactia;VALERIA MORO MAIESKI CHIKUDE;Saúde;Comunicação Oral
Segunda-feira;Sessão 4;Tarde;16:10;Ciências da Terra;CT06;1;2ª - EPEx-PG;202624491;Práticas Corporais Integrativas e Direito Ao Lazer: a Experiência do Yoga, da Meditação e da Massoterapia na Extensão Universitária;MARCO AURELIO RODRIGUES JUNIOR;Educação;Comunicação Oral
Segunda-feira;Sessão 4;Tarde;16:30;Ciências da Terra;CT06;2;2ª - EPEx-PG;202624481;"Tecendo Redes de Afeto na Pós-graduação: a Experiência do Coletivo ""balbinas"" À Luz da Pedagogia Engajada";CLAYTON CHAVES;Educação;Comunicação Oral
Segunda-feira;Sessão 4;Tarde;16:50;Ciências da Terra;CT06;3;2ª - EPEx-PG;202624400;Formação de Professores em Controvérsias Sociocientíficas: Integração Universidade-escola para Uma Educação Cidadã;ELAINE DE OLIVEIRA;Educação;Comunicação Oral
Segunda-feira;Sessão 4;Tarde;17:10;Ciências da Terra;CT06;4;2ª - EPEx-PG;202624323;Fortalecimento do Programa de Pós-graduação Prática do Cuidado em Saúde (ppgpcs): Análise da Produção de Conhecimento, Infraestrutura e Identidade Visual.;FERNANDO CHIQUITO COSTA;Educação;Comunicação Oral
Segunda-feira;Sessão 4;Tarde;16:10;Ciências Exatas;PA-03;1;2ª - EPEx-PG;202624314;Fortalecimento da Pós-graduação: Estratégias de Eventos, Marketing e Divulgação no Programa de Pós-graduação Prática do Cuidado em Saúde da Universidade Federal do Paraná (ppgpcs/ufpr);JULIA PASQUALI;Educação;Comunicação Oral
Segunda-feira;Sessão 4;Tarde;16:30;Ciências Exatas;PA-03;2;2ª - EPEx-PG;202624239;Da Extensão Universitária À Divulgação Científica: a Exposição “mata Atlântica” no Museu da História da Medicina do Paraná;PAMELLA MEDICE DE ARAUJO;Educação;Comunicação Oral
Segunda-feira;Sessão 4;Tarde;16:30;Ciências da Terra;CT03;2;2ª - EPEx-PG;202624172;University Chapter Paraná (ucpr): Integração e Fortalecimento da Comunidade de Ciência dos Materiais no Paraná;JULIA KETZER MAJEWSKI;Tecnologia e Produção;Comunicação Oral
Segunda-feira;Sessão 4;Tarde;17:10;Ciências da Terra;CT01;4;2ª - EPEx-PG;202624126;Oficinas e Eventos Sobre Alimentação Complementar Saudável e Adequada: Atuação do Grupo de Estudos em Nutrição e Alimentação Infantil (genai);TAMIRES DE CARVALHO AMORIM;Saúde;Comunicação Oral
Segunda-feira;Sessão 4;Tarde;16:50;Ciências Exatas;PA-03;3;2ª - EPEx-PG;202624058;Extensão Universitária e Educação Científica: Ações Desenvolvidas no Laboratório de Ensino;AMANDA MARIA GARCIA DE SOUZA;Educação;Comunicação Oral
Segunda-feira;Sessão 3;Tarde;14:20;Ciências Exatas;PA-05;2;2ª - EPEx-PG;202623979;Semear Direitos e Agroecologias: Vivências Extensionistas do Ekoa no 13.º Cba;MARINA AUGUSTA TAUIL BERNARDO;Meio Ambiente;Comunicação Oral
Segunda-feira;Sessão 3;Tarde;15:00;Ciências Exatas;PA-07;4;2ª - EPEx-PG;202623828;Divulgação da Revista Científica Quaternary And Environmental Geosciences;THAISA STOCO DOS SANTOS;Comunicação;Comunicação Oral
Segunda-feira;Sessão 4;Tarde;16:10;Ciências Exatas;PA-04;1;2ª - EPEx-PG;202623694;Construindo Saberes em Alimentação e Nutrição: Experiências Integradas de Projetos Extensionistas do Ppgan/ufpr;RAYANE LUIZI COSTA;Saúde;Comunicação Oral
Segunda-feira;Sessão 4;Tarde;16:30;Ciências da Terra;CT05;2;2ª - EPEx-PG;202623533;Ekoa na Cop-30: Juventudes, Povos Indígenas, Contradições e Avanços na Pauta Climática Brasileira;CAUE BUENO MARQUES;Direitos Humanos e Justiça;Comunicação Oral
Segunda-feira;Sessão 4;Tarde;17:10;Ciências Exatas;PA-03;4;2ª - EPEx-PG;202623228;Jogos Matemáticos/educação Não Formal (3a Edição);MAISA FERNANDA DA CUNHA;Educação;Comunicação Oral
Segunda-feira;Sessão 4;Tarde;16:50;Ciências da Terra;CT03;3;2ª - EPEx-PG;202623136;Desmistificando a Gestão da Inovação: Comunicação Científica, Inovação Social e Formação Extensionista;ANTONIO LUCAS DE OLIVEIRA LIMA;Tecnologia e Produção;Comunicação Oral
Segunda-feira;Sessão 4;Tarde;16:30;Ciências Exatas;PA-04;2;2ª - EPEx-PG;202623068;Grupo de Estudos: Introdução À Psicologia Analítica;LARISSA ARTEMIA DAL BOSCO;Saúde;Comunicação Oral
Segunda-feira;Sessão 4;Tarde;16:10;Ciências Exatas;PA-05;1;2ª - EPEx-PG;202622928;Aprendizagem Baseada em Equipes: Experiência Formativa na Prática Docente;VERA LUCIA PASLAUSKI HATAOKA;Educação;Comunicação Oral
Segunda-feira;Sessão 4;Tarde;16:30;Ciências Exatas;PA-05;2;2ª - EPEx-PG;202622866;“cálculo Mental e Envelhecimento Ativo”;ADRIANA AGUSTINI RODRIGUES DA COSTA;Educação;Comunicação Oral
Segunda-feira;Sessão 3;Tarde;14:40;Ciências Exatas;PA-05;3;2ª - EPEx-PG;202622847;Vivendo em 2d: o Mistério do Oceano, Seus Insetos, e Suas Lições para Um Futuro Sustentável do Planeta Água;BRUNA FRANCISCON DE OLIVEIRA;Meio Ambiente;Comunicação Oral
Segunda-feira;Sessão 4;Tarde;16:10;Ciências Exatas;PA-07;1;24ª - EAF;202626364;Cadernos de Clio: Novos Horizontes, Renovação de Clio e Dossiê “interseccionalidade”;OTAVIO LUIZ VIEIRA PINTO;Comunicação;Comunicação Oral
Segunda-feira;Sessão 4;Tarde;16:30;Ciências Exatas;PA-07;2;24ª - EAF;202625851;Conhecimento Científico e Integração Social;RICARDO ALVES BERNARDO;Comunicação;Comunicação Oral
Segunda-feira;Sessão 4;Tarde;16:50;Ciências Exatas;PA-07;3;24ª - EAF;202624680;Manual de Calouros;JULIAN SIMOES CRUZ DE OLIVEIRA;Comunicação;Comunicação Oral
Segunda-feira;Sessão 4;Tarde;17:10;Ciências Exatas;PA-07;4;24ª - EAF;202623335;Pet e Organização de Eventos: Filósofas Brasileiras Iii e Xvii Safilo;MAURIZIO FILIPPO DI SILVA;Comunicação;Comunicação Oral
Segunda-feira;Sessão 4;Tarde;16:10;Ciências Exatas;PA-08;1;24ª - EAF;202624730;Talk Show: Papo Civil;MARIENNE DO ROCIO DE MELLO MARON DA COSTA;Comunicação;Comunicação Oral
Segunda-feira;Sessão 4;Tarde;16:30;Ciências Exatas;PA-08;2;24ª - EAF;202626266;Tristes Tardes de Domingo, Um Documentário;JOSE CARLOS FERNANDES;Comunicação;Comunicação Oral
Segunda-feira;Sessão 4;Tarde;16:50;Ciências Exatas;PA-08;3;24ª - ENEC;202623418;Sapiens – Observatório Interdisciplinar de Consumo e Economia Criativa;HERTEZ WENDEL DE CAMARGO;Comunicação;Comunicação Oral
Segunda-feira;Sessão 5;Noite;19:00;Ciências da Terra;CT01;1;24ª - ENEC;202626179;A Laje (fase 4);JOSE CARLOS FERNANDES;Comunicação;Comunicação Oral
Segunda-feira;Sessão 4;Tarde;17:10;Ciências Exatas;PA-08;4;24ª - ENEC;202626249;Ciência Aberta e a Gestão da Informação Científica: Atores, Práticas e Políticas;PAULA CARINA DE ARAUJO;Comunicação;Comunicação Oral
Segunda-feira;Sessão 5;Noite;19:20;Ciências da Terra;CT01;2;24ª - ENEC;202626134;Ciências Geodésicas em Foco: Comunicação, Educação e Impacto Social;SILVANA PHILIPPI CAMBOIM;Comunicação;Comunicação Oral
Segunda-feira;Sessão 5;Noite;19:40;Ciências da Terra;CT01;3;24ª - ENEC;202625622;Compartilhamento de Conhecimento por Meio de Ferramentas de Stáreaming;ELDER LOPES BARBOZA;Comunicação;Comunicação Oral
Segunda-feira;Sessão 5;Noite;20:00;Ciências da Terra;CT01;4;24ª - ENEC;202626306;Coopera - Internacionalização em Casa;AYUMI NAKABA SHIBAYAMA;Comunicação;Comunicação Oral
Segunda-feira;Sessão 4;Tarde;16:10;Ciências Exatas;PA-09;1;24ª - ENEC;202625675;Criação de Um Museu em Relação Dialógica com a Comunidade;JUDIT GOMES DA SILVA;Comunicação;Comunicação Oral
Segunda-feira;Sessão 4;Tarde;16:30;Ciências Exatas;PA-09;2;24ª - ENEC;202625828;Divulgação da Revista Científica Quaternary And Environmental Geosciences;CARLOS CONFORTI FERREIRA GUEDES;Comunicação;Comunicação Oral
Segunda-feira;Sessão 4;Tarde;16:50;Ciências Exatas;PA-09;3;24ª - ENEC;202623548;Elétrica para Todos: Integração da Engenharia Elétrica com a Sociedade;SEBASTIAO RIBEIRO JUNIOR;Comunicação;Comunicação Oral
Segunda-feira;Sessão 4;Tarde;17:10;Ciências Exatas;PA-09;4;24ª - ENEC;202625665;Estúdio de Produção de Conteúdo em Cultura da Ufpr;JONATHAN FABRICIO DELGADO;Comunicação;Comunicação Oral
Segunda-feira;Sessão 5;Noite;19:00;Ciências da Terra;CT02;1;24ª - ENEC;202625843;Experiências de Produção Audiovisual em Um Museu Universitário;JUDIT GOMES DA SILVA;Comunicação;Comunicação Oral
Segunda-feira;Sessão 5;Noite;19:20;Ciências da Terra;CT02;2;24ª - ENEC;202623422;Graphus – Laboratório de Criação e Design Editorial;HERTEZ WENDEL DE CAMARGO;Comunicação;Comunicação Oral
Segunda-feira;Sessão 5;Noite;19:40;Ciências da Terra;CT02;3;24ª - ENEC;202626413;Irradiando Direitos - Ufpr;JAIR BEZERRA DOS ANJOS SILVA;Comunicação;Comunicação Oral
Segunda-feira;Sessão 5;Noite;20:00;Ciências da Terra;CT02;4;24ª - ENEC;202626338;Mac Ufpr - Matemática Aplicada e Computacional;THIAGO DE OLIVEIRA QUINELATO;Comunicação;Comunicação Oral
Segunda-feira;Sessão 5;Noite;19:00;Ciências da Terra;CT03;1;24ª - ENEC;202626253;Marketing Científico na Revista Atoz - Novas Práticas em Informação e Conhecimento;PAULA CARINA DE ARAUJO;Comunicação;Comunicação Oral
Terça-feira;Sessão 1;Manhã;08:20;Ciências da Terra;CT01;1;24ª - ENEC;202626307;Mediahub - Laboratório de Comunicação;AYUMI NAKABA SHIBAYAMA;Comunicação;Comunicação Oral
Terça-feira;Sessão 1;Manhã;08:40;Ciências da Terra;CT01;2;24ª - ENEC;202625655;Narrativas e Imagens: o Lugar da Pesquisa e da Fotografia em Um Museu;JUDIT GOMES DA SILVA;Comunicação;Comunicação Oral
Segunda-feira;Sessão 5;Noite;19:20;Ciências da Terra;CT03;2;24ª - ENEC;202625583;Núcleo de Comunicação e Eventos do Setor de Ciências Humanas da Ufpr;PEDRO HENRIQUE DE CARVALHO COSTA;Comunicação;Comunicação Oral
Terça-feira;Sessão 2;Manhã;10:30;Ciências da Terra;CT01;1;24ª - ENEC;202625772;O Museu Vai Às Escolas: Comunicar Educando para as Relações Étnico-raciais;JUDIT GOMES DA SILVA;Comunicação;Comunicação Oral
Segunda-feira;Sessão 5;Noite;19:40;Ciências da Terra;CT03;3;24ª - ENEC;202623785;Observatório de Turismo do Paraná – Obstur/pr;JULIANA MEDAGLIA SILVEIRA;Comunicação;Comunicação Oral
Segunda-feira;Sessão 5;Noite;20:00;Ciências da Terra;CT03;4;24ª - ENEC;202625545;Prattica - Agência Experimental de Relações Públicas - Fase 3;CLAUDIA IRENE DE QUADROS;Comunicação;Comunicação Oral
Terça-feira;Sessão 1;Manhã;09:00;Ciências da Terra;CT01;3;24ª - ENEC;202625725;Preservação e Divulgação da Memória Institucional (pdmi);FLAVIA LUCIA BAZAN BESPALHOK;Comunicação;Comunicação Oral
Terça-feira;Sessão 1;Manhã;09:20;Ciências da Terra;CT01;4;24ª - ENEC;202626305;Rede Sonora de Informação e Ciência – Resinfoc Ou Informação e Ciência - Podcast Jornalístico - Infoc;ROSANGELA STRINGARI;Comunicação;Comunicação Oral
Terça-feira;Sessão 2;Manhã;10:50;Ciências da Terra;CT01;2;24ª - ENEC;202626303;Rede de Jornalismo para a Cidadania – Rejorc;ROSANGELA STRINGARI;Comunicação;Comunicação Oral
Terça-feira;Sessão 2;Manhã;11:10;Ciências da Terra;CT01;3;24ª - ENEC;202625778;Setor de Tecnologia: Conectando Ciência e Sociedade;THAISE JORGE MENDONCA;Comunicação;Comunicação Oral
Terça-feira;Sessão 2;Manhã;11:30;Ciências da Terra;CT01;4;24ª - ENEC;202623421;Sinapse – Hub de Criação e Comunicação Estratégica;HERTEZ WENDEL DE CAMARGO;Comunicação;Comunicação Oral
Segunda-feira;Sessão 5;Noite;19:00;Ciências da Terra;CT05;1;24ª - ENEC;202622906;Sinapsense Next - Projeto de Extensão em Neurociência do Consumo;LETICIA SALEM HERRMANN LIMA;Comunicação;Comunicação Oral
Terça-feira;Sessão 1;Manhã;08:20;Ciências da Terra;CT02;1;24ª - ENEC;202623203;Studiumlab – Neurociência do Consumo em Extensão;LETICIA SALEM HERRMANN LIMA;Comunicação;Comunicação Oral
Terça-feira;Sessão 1;Manhã;08:40;Ciências da Terra;CT02;2;24ª - ENEC;202623802;Vitrine.tur_ufpr;JULIANA MEDAGLIA SILVEIRA;Comunicação;Comunicação Oral
Segunda-feira;Sessão 5;Noite;19:20;Ciências da Terra;CT05;2;24ª - ENEC;202625644;Ziip - Agência Experimental de Comunicação Institucional (3ª Edição);JULIANE MARTINS;Comunicação;Comunicação Oral
Terça-feira;Sessão 1;Manhã;09:00;Ciências da Terra;CT02;3;7ª - EDISPE;202626149;Direito À Habitação: Moradia, Cidadania e Memória;JOSE CARLOS FERNANDES;Comunicação;Comunicação Oral
Segunda-feira;Sessão 5;Noite;19:00;Ciências da Terra;CT06;1;24ª - EAF;202626121;Cuidadoras de Pessoas Idosas, Envelhecimento e Interseccionalidade: Uma Revisão de Escopo;ANDREA MARIA FEDEGER;Cultura;Comunicação Oral
Terça-feira;Sessão 1;Manhã;08:20;Ciências da Terra;CT03;1;24ª - EAF;202626124;Estudo Sobre Cultura do Cuidado, Gênero e Terapia Ocupacional no Trabalho Informal de Pessoas Idosas: Uma Revisão de Escopo;ANDREA MARIA FEDEGER;Cultura;Comunicação Oral
Segunda-feira;Sessão 5;Noite;19:20;Ciências da Terra;CT06;2;24ª - EAF;202624821;Língua Alsaciana - Onde a Língua Alemã Encontra a Língua Francesa;JOAO ARTHUR PUGSLEY GRAHL;Cultura;Comunicação Oral
Segunda-feira;Sessão 5;Noite;19:40;Ciências da Terra;CT06;3;24ª - EAF;202626343;Memorial de Composição: o Peso dos Sonhos para Contrabaixo e Eletrônicos;FRANCISCO GONCALVES DE AZEVEDO;Cultura;Comunicação Oral
Segunda-feira;Sessão 5;Noite;20:00;Ciências da Terra;CT06;4;24ª - EAF;202626142;A Educação Tutorial Junto Ao Centro de Memória do Def/ufpr;RICARDO JOAO SONODA NUNES;Cultura;Comunicação Oral
Terça-feira;Sessão 1;Manhã;08:40;Ciências da Terra;CT03;2;24ª - EAF;202624662;Cinepet;JULIAN SIMOES CRUZ DE OLIVEIRA;Cultura;Comunicação Oral
Terça-feira;Sessão 1;Manhã;09:00;Ciências da Terra;CT03;3;24ª - EAF;202626146;Cultura das Lutas Ufpr: o Muay Thai em Programas Comunitários e as Possibilidades de Análise Sociocultural;RICARDO JOAO SONODA NUNES;Cultura;Comunicação Oral
Terça-feira;Sessão 1;Manhã;09:20;Ciências da Terra;CT03;4;24ª - EAF;202625861;Democratização Cultural: Criação de Espaços Não Formais para Discussão e Lazer;RICARDO ALVES BERNARDO;Cultura;Comunicação Oral
Segunda-feira;Sessão 5;Noite;19:00;Ciências Exatas;PA-03;1;24ª - EAF;202625983;Integrando as Geociências e as Manifestações Artísticas;ARIADNE BORGO;Cultura;Comunicação Oral
Segunda-feira;Sessão 5;Noite;19:20;Ciências Exatas;PA-03;2;24ª - EAF;202626366;Pet Futebol Clube: Debates Entre Esporte, Memória e História;OTAVIO LUIZ VIEIRA PINTO;Cultura;Comunicação Oral
Segunda-feira;Sessão 5;Noite;19:40;Ciências Exatas;PA-03;3;24ª - EAF;202624672;Pet Literatura;JULIAN SIMOES CRUZ DE OLIVEIRA;Cultura;Comunicação Oral
Segunda-feira;Sessão 5;Noite;20:00;Ciências Exatas;PA-03;4;24ª - EAF;202626026;Entre Projetos e Aprendizagens: Reflexões Sobre a Monitoria em Produção Cultural;DEBORAH REBELLO LIMA;Cultura;Comunicação Oral
Segunda-feira;Sessão 5;Noite;19:00;Ciências Exatas;PA-04;1;24ª - EAF;202625606;Identidade Latino-americana Através da Música: Experiências do Pibid Interdisciplinar/ufpr com o Colégio Estadual Leôncio Correia.;YANINA MICAELA SAMMARCO;Cultura;Comunicação Oral
Terça-feira;Sessão 1;Manhã;08:20;Ciências da Terra;CT05;1;24ª - EAF;202626346;Monitoria na Disciplina Oa814 - Prática Artística;FRANCISCO GONCALVES DE AZEVEDO;Cultura;Comunicação Oral
Segunda-feira;Sessão 5;Noite;19:20;Ciências Exatas;PA-04;2;24ª - ENEC;202625672;Curadoria de Acervos do Mae-ufpr;SADY PEREIRA DO CARMO JUNIOR;Cultura;Comunicação Oral
Terça-feira;Sessão 1;Manhã;08:40;Ciências da Terra;CT05;2;24ª - ENEC;202625671;Curadoria de Acervos do Mae-ufpr;SADY PEREIRA DO CARMO JUNIOR;Cultura;Comunicação Oral
Segunda-feira;Sessão 5;Noite;19:40;Ciências Exatas;PA-04;3;24ª - ENEC;202626420;Laboratório de Estudos e Ações Em/da Cultura (leac-ufpr);LEANDRO FRANKLIN GORSDORF;Cultura;Comunicação Oral
Terça-feira;Sessão 2;Manhã;10:30;Ciências da Terra;CT02;1;24ª - ENEC;202626329;Música para Todos Ufpr;FRANCISCO GONCALVES DE AZEVEDO;Cultura;Comunicação Oral
Segunda-feira;Sessão 5;Noite;20:00;Ciências Exatas;PA-04;4;24ª - ENEC;202625721;O Mae-ufpr em Movimento: Conservação e Divulgação do Museu e Seus Acervos;BRUNA MARINA PORTELA;Cultura;Comunicação Oral
Terça-feira;Sessão 2;Manhã;10:50;Ciências da Terra;CT02;2;24ª - ENEC;202626169;(des)ocupações (extra)ordinárias - 2a Edição;ANDREA MARIA FEDEGER;Cultura;Comunicação Oral
Terça-feira;Sessão 1;Manhã;09:00;Ciências da Terra;CT05;3;24ª - ENEC;202624697;Acervo o Artista na Ufpr;TANIA BITTENCOURT BLOOMFIELD;Cultura;Comunicação Oral
Terça-feira;Sessão 1;Manhã;09:20;Ciências da Terra;CT05;4;24ª - ENEC;202626280;Além das Fronteiras: Compartilhando Experiências Internacionais;VANESSA DOS SANTOS NEGRAO MESSIAS;Cultura;Comunicação Oral
Terça-feira;Sessão 2;Manhã;11:10;Ciências da Terra;CT02;3;24ª - ENEC;202625612;Arquivo Histórico do Mae-ufpr: Conectando Memórias, Acervos e Pessoas.;BRUNA MARINA PORTELA;Cultura;Comunicação Oral
Terça-feira;Sessão 2;Manhã;11:30;Ciências da Terra;CT02;4;24ª - ENEC;202625296;Arte em Vídeo na Ufpr;LUIS CARLOS DOS SANTOS;Cultura;Comunicação Oral
Segunda-feira;Sessão 5;Noite;19:00;Ciências Exatas;PA-05;1;24ª - ENEC;202623710;Artes Circenses e Ginásticas Como Possibilidade para Formação de Professores na Ufpr (2˚ Etapa);LETICIA BARTHOLOMEU DE QUEIROZ LIMA;Cultura;Comunicação Oral
Segunda-feira;Sessão 5;Noite;19:20;Ciências Exatas;PA-05;2;24ª - ENEC;202626424;Ações de Acessibilidade para Surdos no Mae-ufpr;FABIO LUIS GASPARELLO MARCOLINO;Cultura;Comunicação Oral
Segunda-feira;Sessão 5;Noite;19:40;Ciências Exatas;PA-05;3;24ª - ENEC;202625664;Balaio Cultural;JONATHAN FABRICIO DELGADO;Cultura;Comunicação Oral
Segunda-feira;Sessão 5;Noite;20:00;Ciências Exatas;PA-05;4;24ª - ENEC;202625517;Catálogo Kaingang: Diálogos em Torno da Coleção Kaingang do Mae-ufpr;GABRIELA DE CARVALHO FREIRE;Cultura;Comunicação Oral
Terça-feira;Sessão 3;Tarde;14:00;Ciências da Terra;CT01;1;24ª - ENEC;202626330;Celebrando Grandes Álbuns;FRANCISCO GONCALVES DE AZEVEDO;Cultura;Comunicação Oral
Terça-feira;Sessão 3;Tarde;14:20;Ciências da Terra;CT01;2;24ª - ENEC;202626278;Centro Cultural Itinerante;KARLA ADRIANA NASCIMENTO CUNICO;Cultura;Comunicação Oral
Terça-feira;Sessão 3;Tarde;14:40;Ciências da Terra;CT01;3;24ª - ENEC;202626400;Centro de Memória e Documentação da Faculdade de Direito da Ufpr;THIAGO FREITAS HANSEN;Cultura;Comunicação Oral
Terça-feira;Sessão 3;Tarde;15:00;Ciências da Terra;CT01;4;24ª - ENEC;202625860;Comida de Origem: Identidade, Memória e Afeto na Vivência de Imigrantes na Ufpr;ANABELLE RETONDARIO;Cultura;Comunicação Oral
Segunda-feira;Sessão 5;Noite;19:00;Ciências Exatas;PA-07;1;24ª - ENEC;202626417;Design 50 Anos - Uma Experiência Alimentar Compartilhada;PRISCILLA RAMALHO LEPRE;Cultura;Comunicação Oral
Terça-feira;Sessão 1;Manhã;08:20;Ciências da Terra;CT06;1;24ª - ENEC;202626416;Design Sensorial - Assinatura Olfativa Design 50 Anos;PRISCILLA RAMALHO LEPRE;Cultura;Comunicação Oral
Terça-feira;Sessão 2;Manhã;10:30;Ciências da Terra;CT03;1;24ª - ENEC;202626418;Design, Comida e Refugio: a Comida Migrante;PRISCILLA RAMALHO LEPRE;Cultura;Comunicação Oral
Segunda-feira;Sessão 5;Noite;19:20;Ciências Exatas;PA-07;2;24ª - ENEC;202625705;Digitalização e Catalogação de Mídias: o Acervo Fotográfico do Cepa Como Fonte de Informação Arqueológica e Etnográfica.;VANDERLISE MACHADO BARAO;Cultura;Comunicação Oral
Terça-feira;Sessão 1;Manhã;08:40;Ciências da Terra;CT06;2;24ª - ENEC;202623672;Ecogym: Encantando com a Ginástica;LETICIA BARTHOLOMEU DE QUEIROZ LIMA;Cultura;Comunicação Oral
Segunda-feira;Sessão 5;Noite;19:40;Ciências Exatas;PA-07;3;24ª - ENEC;202626294;Estudos Vermelhos;FABRICIA CABRAL DE LIRA JORDAO;Cultura;Comunicação Oral
Terça-feira;Sessão 4;Tarde;16:10;Ciências da Terra;CT01;1;24ª - ENEC;202626332;Festival Croma Ufpr 26 - 29;FRANCISCO GONCALVES DE AZEVEDO;Cultura;Comunicação Oral
Terça-feira;Sessão 2;Manhã;10:50;Ciências da Terra;CT03;2;24ª - ENEC;202623670;Gymcorpo - Ginástica para Todos Ufpr;LETICIA BARTHOLOMEU DE QUEIROZ LIMA;Cultura;Comunicação Oral
Terça-feira;Sessão 1;Manhã;09:00;Ciências da Terra;CT06;3;24ª - ENEC;202626028;Interfaces: Produção e Gestão Cultural;DEBORAH REBELLO LIMA;Cultura;Comunicação Oral
Segunda-feira;Sessão 5;Noite;20:00;Ciências Exatas;PA-07;4;24ª - ENEC;202626394;Laboratório de Teoria e História do Design - Emaranhado.lab;RONALDO DE OLIVEIRA CORREA;Cultura;Comunicação Oral
Terça-feira;Sessão 1;Manhã;09:20;Ciências da Terra;CT06;4;24ª - ENEC;202626304;Liiis -laboratório Interdisciplinar Intercultural de Inovações Sociais;MARCIA REGINA FERREIRA;Cultura;Comunicação Oral
Terça-feira;Sessão 2;Manhã;11:10;Ciências da Terra;CT03;3;24ª - ENEC;202625486;Materialidades Diaspóricas: a Palestina em Objetos;BARBARA CARAMURU TELES;Cultura;Comunicação Oral
Terça-feira;Sessão 4;Tarde;16:30;Ciências da Terra;CT01;2;24ª - ENEC;202625484;Modelando Histórias: Cerâmica e Construção de Saberes no Acervo da Cultura Popular do Mae-ufpr;BARBARA CARAMURU TELES;Cultura;Comunicação Oral
Terça-feira;Sessão 2;Manhã;11:30;Ciências da Terra;CT03;4;24ª - ENEC;202625922;Mosaico Cultural: Preservação e Produção Cultural do Museu de Arte da Ufpr;MARCELLE BEATRIZ CORTIANO NAGAKURA;Cultura;Comunicação Oral
Terça-feira;Sessão 4;Tarde;16:50;Ciências da Terra;CT01;3;24ª - ENEC;202626425;Mídia em Ação - Design, Comunicação e Produção Cultural no Mae-ufpr;FABIO LUIS GASPARELLO MARCOLINO;Cultura;Comunicação Oral
Terça-feira;Sessão 4;Tarde;17:10;Ciências da Terra;CT01;4;24ª - ENEC;202625528;Nósoutras;ANA LUISA DE MELLO NASCIMENTO;Cultura;Comunicação Oral
Terça-feira;Sessão 1;Manhã;08:20;Ciências Exatas;PA-03;1;24ª - ENEC;202625666;Oficinas Criativas;JONATHAN FABRICIO DELGADO;Cultura;Comunicação Oral
Terça-feira;Sessão 1;Manhã;08:40;Ciências Exatas;PA-03;2;24ª - ENEC;202626279;Patrimônio em Escuta;KARLA ADRIANA NASCIMENTO CUNICO;Cultura;Comunicação Oral
Terça-feira;Sessão 1;Manhã;09:00;Ciências Exatas;PA-03;3;24ª - ENEC;202623057;Pedex (projeto Editora Extensão);ALLAN VALENZA DA SILVEIRA;Cultura;Comunicação Oral
Terça-feira;Sessão 5;Noite;19:00;Ciências da Terra;CT01;1;24ª - ENEC;202626331;Pemim - Projeto de Extensão Musicalização e Instrumentos Musicais 25-28;FRANCISCO GONCALVES DE AZEVEDO;Cultura;Comunicação Oral
Terça-feira;Sessão 1;Manhã;09:20;Ciências Exatas;PA-03;4;24ª - ENEC;202625694;Portal da Tradução Teatral;RUTH BOHUNOVSKY;Cultura;Comunicação Oral
Terça-feira;Sessão 5;Noite;19:20;Ciências da Terra;CT01;2;24ª - ENEC;202625683;Preservar para Transformar;RENATA SIMONE DOMIT DE ARRUDA;Cultura;Comunicação Oral
Terça-feira;Sessão 5;Noite;19:40;Ciências da Terra;CT01;3;24ª - ENEC;202625483;Preservação e Difusão do Espaço da Memória do Curso de Enfermagem da Universidade Federal do Paraná;LIVIA COZER MONTENEGRO;Cultura;Comunicação Oral
Terça-feira;Sessão 5;Noite;20:00;Ciências da Terra;CT01;4;24ª - ENEC;202625724;Trazendo Imagens e Sons de Volta a Vida: Tratamento e Democratização dos Acervos Audiovisuais do Mae;TAMARA FERNANDA CARNEIRO EVANGELISTA;Cultura;Comunicação Oral
Segunda-feira;Sessão 5;Noite;19:00;Ciências Exatas;PA-08;1;24ª - ENEC;202623193;Turismo Acessível para Todos em Curitiba;LUCIANE DE FATIMA NERI;Cultura;Comunicação Oral
Segunda-feira;Sessão 5;Noite;19:20;Ciências Exatas;PA-08;2;24ª - ENEC;202626076;Turismo Urbano-rural: Diálogos com o Patrimônio;LETICIA BARTOSZECK NITSCHE;Cultura;Comunicação Oral
Segunda-feira;Sessão 5;Noite;19:40;Ciências Exatas;PA-08;3;7ª - EDISPE;202625700;Arquitetura Tupiniquim, Modificações Ao Longo do Tempo: Revisão de Literatura e Pesquisa de Campo em Uma Terra Indígena do Espírito Santo;CAMILA BRUNING;Cultura;Comunicação Oral
Terça-feira;Sessão 1;Manhã;08:20;Ciências Exatas;PA-04;1;7ª - EDISPE;202625703;Ayahuasca, a Medicina Sagrada dos Povos Indígenas, o Que É?;CAMILA BRUNING;Cultura;Comunicação Oral
Segunda-feira;Sessão 5;Noite;20:00;Ciências Exatas;PA-08;4;7ª - EDISPE;202626220;Contribuição Teóricas e Clínicas de Psicanalistas Negros no Brasil;ROSANE ZETOLA LUSTOZA;Cultura;Comunicação Oral
Terça-feira;Sessão 1;Manhã;08:36;Ciências Exatas;PA-04;2;7ª - EDISPE;202626017;Cultura Popular em Foco: Produção Gráfica Sobre Conhecimentos, Celebrações, Pessoas e Contextos;LILIANA DE MENDONCA PORTO;Cultura;Comunicação Oral
Terça-feira;Sessão 1;Manhã;08:52;Ciências Exatas;PA-04;3;7ª - EDISPE;202625437;Danças Urbanas Cultura e Diversidade na Formação Humana;SORAYA CORREA DOMINGUES;Cultura;Comunicação Oral
Segunda-feira;Sessão 5;Noite;19:00;Ciências Exatas;PA-09;1;7ª - EDISPE;202625439;Danças Urbanas e Suas Diferentes Expressões Culturais;SORAYA CORREA DOMINGUES;Cultura;Comunicação Oral
Terça-feira;Sessão 3;Tarde;14:00;Ciências da Terra;CT02;1;7ª - EDISPE;202623130;Ecogym: Formação Humana, Corpo, Relações Sociais e as Atividades Gímnicas;LETICIA BARTHOLOMEU DE QUEIROZ LIMA;Cultura;Comunicação Oral
Terça-feira;Sessão 3;Tarde;14:20;Ciências da Terra;CT02;2;7ª - EDISPE;202625157;Gestão do Acervo Arqueológico do Mae-ufpr;SADY PEREIRA DO CARMO JUNIOR;Cultura;Comunicação Oral
Segunda-feira;Sessão 4;Tarde;16:50;Ciências da Terra;CT05;3;24ª - EAF;202626264;Articulações em Rede e Semiliberdade: Contribuições da Terapia Ocupacional;ANDREA MARIA FEDEGER;Direitos Humanos e Justiça;Comunicação Oral
Segunda-feira;Sessão 4;Tarde;17:10;Ciências da Terra;CT05;4;24ª - EAF;202625525;Economia Solidária e Saúde Mental: Percepções de Trabalhadores de Serviços Socioassistenciais Participantes da Rede Libersol;LUIS FELIPE FERRO;Direitos Humanos e Justiça;Comunicação Oral
Terça-feira;Sessão 2;Manhã;10:30;Ciências da Terra;CT05;1;24ª - EAF;202626132;O Futebol Feminino Como Ferramenta para o Empoderamento e Desenvolvimento de Habilidades para a Vida;RICARDO JOAO SONODA NUNES;Direitos Humanos e Justiça;Comunicação Oral
Terça-feira;Sessão 2;Manhã;10:50;Ciências da Terra;CT05;2;24ª - EAF;202625781;"As ""cunhadas"" e o Trabalho do Cuidado no Cárcere: os Vínculos de Gênero e Afetividade no Contexto Prisional Brasileiro Documentado no Tiktok";BEATRIZ HELENA CECCATO;Direitos Humanos e Justiça;Comunicação Oral
Terça-feira;Sessão 2;Manhã;11:10;Ciências da Terra;CT05;3;24ª - ENEC;202623792;Rede 60+ de Ensino, Pesquisa e Extensão;TAIUANI MARQUINE RAYMUNDO;Direitos Humanos e Justiça;Comunicação Oral
Terça-feira;Sessão 2;Manhã;11:30;Ciências da Terra;CT05;4;24ª - ENEC;202625930;Refúgio e Migração em Extensão: Cátedra Sérgio Vieira de Mello/acnur na Ufpr;ELAINE CRISTINA SCHMITT RAGNINI;Direitos Humanos e Justiça;Comunicação Oral
Terça-feira;Sessão 1;Manhã;08:20;Ciências Exatas;PA-05;1;24ª - ENEC;202623653;Territorialidades, Racialidades, Identidades e Resistências: Educação Antirracista, em Direitos Humanos e História Pública;FABIO BACILA SAHD;Direitos Humanos e Justiça;Comunicação Oral
Terça-feira;Sessão 3;Tarde;14:00;Ciências da Terra;CT03;1;24ª - ENEC;202625546;Acessibilidade Digital do Mafro;JUDIT GOMES DA SILVA;Direitos Humanos e Justiça;Comunicação Oral
Terça-feira;Sessão 1;Manhã;08:40;Ciências Exatas;PA-05;2;24ª - ENEC;202623122;Acesso Ao Tribunal de Justiça;CLAYTON DE ALBUQUERQUE MARANHAO;Direitos Humanos e Justiça;Comunicação Oral
Terça-feira;Sessão 1;Manhã;09:00;Ciências Exatas;PA-05;3;24ª - ENEC;202626388;Cartografando: Representação, Identidade e Resistência dos e nos Territórios dos Povos Originários e Tradicionais;CATHERINE TORRES DE ALMEIDA;Direitos Humanos e Justiça;Comunicação Oral
Terça-feira;Sessão 1;Manhã;09:20;Ciências Exatas;PA-05;4;24ª - ENEC;202625831;Centro Intersetorial de Cidadania, Redes de Economia Solidária e Saúde Mental e Inclusão Social Pelo Trabalho;LUIS FELIPE FERRO;Direitos Humanos e Justiça;Comunicação Oral
Terça-feira;Sessão 3;Tarde;14:20;Ciências da Terra;CT03;2;24ª - ENEC;202626118;Clube de Mulheres Silvia Cristina Osaki- Ufpr Setor Palotina;BRUNA GIMENES FERREIRA ARROYO POGGERE;Direitos Humanos e Justiça;Comunicação Oral
Terça-feira;Sessão 3;Tarde;14:40;Ciências da Terra;CT03;3;24ª - ENEC;202626433;Clínica de Direitos Humanos da Universidade Federal do Paraná;TAYSA SCHIOCCHET;Direitos Humanos e Justiça;Comunicação Oral
Terça-feira;Sessão 3;Tarde;15:00;Ciências da Terra;CT03;4;24ª - ENEC;202624035;Conviver 60+ Ufpr;TAIUANI MARQUINE RAYMUNDO;Direitos Humanos e Justiça;Comunicação Oral
Terça-feira;Sessão 1;Manhã;08:20;Ciências Exatas;PA-07;1;24ª - ENEC;202625927;Educação em Direitos Humanos e Identidades Insurgentes: Sensibilizar e Fortalecer Uma Cultura de Direitos;FABIO FRANCISCO FELTRIN DE SOUZA;Direitos Humanos e Justiça;Comunicação Oral
Terça-feira;Sessão 2;Manhã;10:30;Ciências da Terra;CT06;1;24ª - ENEC;202625835;Fábrica de Cooperativas: Formação, Incubação e Fortalecimento de Empreendimentos Econômicos Solidários;LUIS FELIPE FERRO;Direitos Humanos e Justiça;Comunicação Oral
Terça-feira;Sessão 1;Manhã;08:40;Ciências Exatas;PA-07;2;24ª - ENEC;202625558;Grupo de Estudos em Arbitragem e Direito Comercial Ufpr (geac);EDUARDO TALAMINI;Direitos Humanos e Justiça;Comunicação Oral
Terça-feira;Sessão 1;Manhã;09:00;Ciências Exatas;PA-07;3;24ª - ENEC;202626403;Grupo de Estudos em Mediação e Negociação Empresarial da Ufpr (gmn-ufpr);LUIZ DANIEL RODRIGUES HAJ MUSSI;Direitos Humanos e Justiça;Comunicação Oral
Terça-feira;Sessão 1;Manhã;09:20;Ciências Exatas;PA-07;4;24ª - ENEC;202625475;Grupo de Estudos em Processo Civil;SERGIO CRUZ ARENHART;Direitos Humanos e Justiça;Comunicação Oral
Terça-feira;Sessão 1;Manhã;08:20;Ciências Exatas;PA-08;1;24ª - ENEC;202625615;Id 60+: Promovendo Ações Favoráveis À Inclusão Digital de Pessoas Idosas;TAIUANI MARQUINE RAYMUNDO;Direitos Humanos e Justiça;Comunicação Oral
Terça-feira;Sessão 1;Manhã;08:40;Ciências Exatas;PA-08;2;24ª - ENEC;202626382;Jirau de Saberes na Cultura Digital: a Educação Arquivística Crítica e os Arquivos Comunitários;MAIRA FERNANDES ALENCAR;Direitos Humanos e Justiça;Comunicação Oral
Terça-feira;Sessão 1;Manhã;09:00;Ciências Exatas;PA-08;3;24ª - ENEC;202626006;Laboratório de Rodas de Conversa: o Que É Democracia? por Que Democracia?;MARIA ISABEL DE MAGALHAES PAPATERRA LIMONGI;Direitos Humanos e Justiça;Comunicação Oral
Terça-feira;Sessão 1;Manhã;09:20;Ciências Exatas;PA-08;4;24ª - ENEC;202625473;Legítimo - Observatório da Legitimidade de Organizações da Justiça;EDSON RONALDO GUARIDO FILHO;Direitos Humanos e Justiça;Comunicação Oral
Terça-feira;Sessão 2;Manhã;10:50;Ciências da Terra;CT06;2;24ª - ENEC;202623978;Liga de Medicina Legal, Odontologia Legal e Perícias;URSULA BUENO DO PRADO GUIRRO;Direitos Humanos e Justiça;Comunicação Oral
Terça-feira;Sessão 2;Manhã;11:10;Ciências da Terra;CT06;3;24ª - ENEC;202622952;Mel: Rede de Mulheres Empreendedoras e Líderes 2024 a 2028;MARIA RITA TAQUES MICHALSKI;Direitos Humanos e Justiça;Comunicação Oral
Terça-feira;Sessão 2;Manhã;11:30;Ciências da Terra;CT06;4;24ª - ENEC;202626431;Memórias Coritibanas: Tratamento e Pesquisa em Fontes Primárias para a História de Curitiba e do Coritiba Foot Ball Club;LUIS FERNANDO LOPES PEREIRA;Direitos Humanos e Justiça;Comunicação Oral
Terça-feira;Sessão 1;Manhã;08:20;Ciências Exatas;PA-09;1;24ª - ENEC;202623696;Movimento de Assessoria Jurídica Universitária Popular – Majup Isabel da Silva (3ª Edição);RICARDO PRESTES PAZELLO;Direitos Humanos e Justiça;Comunicação Oral
Terça-feira;Sessão 1;Manhã;08:40;Ciências Exatas;PA-09;2;24ª - ENEC;202626202;Máquina de Ativismos em Direitos Humanos - 2ª Edição;LEANDRO FRANKLIN GORSDORF;Direitos Humanos e Justiça;Comunicação Oral
Terça-feira;Sessão 1;Manhã;09:00;Ciências Exatas;PA-09;3;24ª - ENEC;202626402;Nesidh Advocacy;MELINA GIRARDI FACHIN;Direitos Humanos e Justiça;Comunicação Oral
Terça-feira;Sessão 1;Manhã;09:20;Ciências Exatas;PA-09;4;24ª - ENEC;202625529;Nesidh Competições;HELOISA FERNANDES CAMARA;Direitos Humanos e Justiça;Comunicação Oral
Terça-feira;Sessão 2;Manhã;10:30;Ciências Exatas;PA-03;1;24ª - ENEC;202625591;Nos Ajude a Ajudar - 2ª Edição;THAIS DA SILVA SOUZA;Direitos Humanos e Justiça;Comunicação Oral
Terça-feira;Sessão 4;Tarde;16:10;Ciências da Terra;CT02;1;24ª - ENEC;202625776;O Desenvolvimento da Plataforma Digital do Mafro;JUDIT GOMES DA SILVA;Direitos Humanos e Justiça;Comunicação Oral
Terça-feira;Sessão 2;Manhã;10:50;Ciências Exatas;PA-03;2;24ª - ENEC;202626432;Observatório Judicial de Direito de Família e Sucessões;LUCIANA PEDROSO XAVIER;Direitos Humanos e Justiça;Comunicação Oral
Terça-feira;Sessão 2;Manhã;11:10;Ciências Exatas;PA-03;3;24ª - ENEC;202626429;Observatório de Impacto Cidh-mulheres-brasil;ANA CAROLINA LOPES OLSEN;Direitos Humanos e Justiça;Comunicação Oral
Terça-feira;Sessão 2;Manhã;11:30;Ciências Exatas;PA-03;4;24ª - ENEC;202626407;Observatório em Negócios Imobiliários;SILVANA MARIA CARBONERA;Direitos Humanos e Justiça;Comunicação Oral
Terça-feira;Sessão 4;Tarde;16:30;Ciências da Terra;CT02;2;24ª - ENEC;202626043;Projeto Fênix - Mulheres em Reação (2025-2030);ALESSANDRA SCHOSLOSKI ALVES COUTINHO;Direitos Humanos e Justiça;Comunicação Oral
Terça-feira;Sessão 2;Manhã;10:30;Ciências Exatas;PA-04;1;24ª - ENEC;202626047;Projeto de Extensão Rádio Linhas do Axé – Vozes do Terreiro: Universidade e Ancestralidade no Ar;ALESSANDRA SCHOSLOSKI ALVES COUTINHO;Direitos Humanos e Justiça;Comunicação Oral
Terça-feira;Sessão 3;Tarde;14:00;Ciências da Terra;CT05;1;24ª - ENEC;202626045;Projeto de Extensão – Rede Fênix 2031: Mulheres em Reação (2026–2031);ALESSANDRA SCHOSLOSKI ALVES COUTINHO;Direitos Humanos e Justiça;Comunicação Oral
Terça-feira;Sessão 2;Manhã;10:50;Ciências Exatas;PA-04;2;24ª - ENEC;202626398;Refúgio, Migrações e Hospitalidade (2024-2028);RUI CARLO DISSENHA;Direitos Humanos e Justiça;Comunicação Oral
Terça-feira;Sessão 2;Manhã;11:10;Ciências Exatas;PA-04;3;7ª - EDISPE;202623668;A Análise de Como a Branquitude Se Constitui no Curso de Direito da Universidade Federal do Paraná.;LEANDRO FRANKLIN GORSDORF;Direitos Humanos e Justiça;Comunicação Oral
Terça-feira;Sessão 3;Tarde;14:20;Ciências da Terra;CT05;2;7ª - EDISPE;202625926;Acolhimento de Estudantes Migrantes na Ufpr;ELAINE CRISTINA SCHMITT RAGNINI;Direitos Humanos e Justiça;Comunicação Oral
Terça-feira;Sessão 4;Tarde;16:50;Ciências da Terra;CT02;3;7ª - EDISPE;202625928;Acompanhamento de Estudantes Migrantes na Ufpr;ELAINE CRISTINA SCHMITT RAGNINI;Direitos Humanos e Justiça;Comunicação Oral
Terça-feira;Sessão 4;Tarde;17:10;Ciências da Terra;CT02;4;7ª - EDISPE;202625785;Atenção Terapêutica Ocupacional À Pessoas Idosas;TAIUANI MARQUINE RAYMUNDO;Direitos Humanos e Justiça;Comunicação Oral
Terça-feira;Sessão 5;Noite;19:00;Ciências da Terra;CT02;1;7ª - EDISPE;202625657;Avaliação Geriátrica e Gerontológica Ampla;TAIUANI MARQUINE RAYMUNDO;Direitos Humanos e Justiça;Comunicação Oral
Terça-feira;Sessão 2;Manhã;11:30;Ciências Exatas;PA-04;4;7ª - EDISPE;202624348;Caminhos Acadêmicos: Acolhimento, Ensino e Integração de Estudantes Migrantes na Ufpr;POLLIANNA MILAN;Direitos Humanos e Justiça;Comunicação Oral
Terça-feira;Sessão 3;Tarde;14:40;Ciências da Terra;CT05;3;7ª - EDISPE;202625839;Centro Público de Economia Solidária: Construindo Inclusão Social Pelo Trabalho;LUIS FELIPE FERRO;Direitos Humanos e Justiça;Comunicação Oral
Terça-feira;Sessão 5;Noite;19:20;Ciências da Terra;CT02;2;7ª - EDISPE;202625574;Classificação do Acervo do Neab;JUDIT GOMES DA SILVA;Direitos Humanos e Justiça;Comunicação Oral
Terça-feira;Sessão 3;Tarde;15:00;Ciências da Terra;CT05;4;7ª - EDISPE;202623023;Comunicação do Projeto Mel;MARIA RITA TAQUES MICHALSKI;Direitos Humanos e Justiça;Comunicação Oral
Terça-feira;Sessão 5;Noite;19:40;Ciências da Terra;CT02;3;7ª - EDISPE;202622950;Comunicação do Projeto Mel;MARIA RITA TAQUES MICHALSKI;Direitos Humanos e Justiça;Comunicação Oral
Quarta-feira;Sessão 1;Manhã;08:20;Ciências da Terra;CT01;1;7ª - EDISPE;202625544;Curadoria dos Documentos do Acervo Neab;JUDIT GOMES DA SILVA;Direitos Humanos e Justiça;Comunicação Oral
Terça-feira;Sessão 5;Noite;20:00;Ciências da Terra;CT02;4;7ª - EDISPE;202622992;Desafios Jurídicos para Migrantes e Refugiadas no Estado do Paraná e na Ufpr;TATYANA SCHEILA FRIEDRICH;Direitos Humanos e Justiça;Comunicação Oral
Quarta-feira;Sessão 1;Manhã;08:40;Ciências da Terra;CT01;2;7ª - EDISPE;202626340;Levantamento do Acervo de 20 Anos do Neab;KELVY KADGE OLIVEIRA NOGUEIRA;Direitos Humanos e Justiça;Comunicação Oral
Quarta-feira;Sessão 1;Manhã;09:00;Ciências da Terra;CT01;3;7ª - EDISPE;202626272;Liberte Nosso Sagrado: Transcrição e Análise de Fontes Primárias;THIAGO DE AZEVEDO PINHEIRO HOSHINO;Direitos Humanos e Justiça;Comunicação Oral
Quarta-feira;Sessão 1;Manhã;09:20;Ciências da Terra;CT01;4;7ª - EDISPE;202623669;Maquinando Direitos Lgbti+ em Curitiba;LEANDRO FRANKLIN GORSDORF;Direitos Humanos e Justiça;Comunicação Oral
Terça-feira;Sessão 2;Manhã;10:30;Ciências Exatas;PA-05;1;7ª - EDISPE;202624454;O Cosmopolitismo Habermasiano e o Problema da Migração;CRISTINA FORONI CONSANI KLEIN;Direitos Humanos e Justiça;Comunicação Oral
Terça-feira;Sessão 2;Manhã;10:50;Ciências Exatas;PA-05;2;7ª - EDISPE;202625578;Produção de Arquivos Digitais do Neab;KELVY KADGE OLIVEIRA NOGUEIRA;Direitos Humanos e Justiça;Comunicação Oral
Terça-feira;Sessão 2;Manhã;11:10;Ciências Exatas;PA-05;3;7ª - EDISPE;202625562;Promotoras Legais Populares Perifa 2;CASSIA REGINA FURTADO GUIMARAES;Direitos Humanos e Justiça;Comunicação Oral
Terça-feira;Sessão 2;Manhã;11:30;Ciências Exatas;PA-05;4;7ª - EDISPE;202624240;Violência de Gênero, Saúde Reprodutiva e Direitos das Mulheres.;TAYSA SCHIOCCHET;Direitos Humanos e Justiça;Comunicação Oral
Segunda-feira;Sessão 4;Tarde;16:50;Ciências Exatas;PA-05;3;24ª - EAF;202625767;O Ensino de Língua-cultura na Escola Pública Através da Plataforma Inglês Paraná High;ANGELA MARIA HOFFMANN WALESKO;Educação;Comunicação Oral
Segunda-feira;Sessão 4;Tarde;17:10;Ciências Exatas;PA-05;4;24ª - EAF;202625532;A Atuação da Frente de Extensão do Pet Direito: Interação com a Comunidade e com Outros Grupos Pet;HELOISA FERNANDES CAMARA;Educação;Comunicação Oral
Terça-feira;Sessão 2;Manhã;10:30;Ciências Exatas;PA-07;1;24ª - EAF;202625530;Atividades de Pesquisa do Programa de Educação Tutorial em Direito em 2026: Jornada de Iniciação Científica e Pesquisa Coletiva;HELOISA FERNANDES CAMARA;Educação;Comunicação Oral
Terça-feira;Sessão 3;Tarde;14:00;Ciências da Terra;CT06;1;24ª - EAF;202625533;Atividades do Programa de Educação Tutorial em Direito 2026: Minicursos;HELOISA FERNANDES CAMARA;Educação;Comunicação Oral
Terça-feira;Sessão 2;Manhã;10:50;Ciências Exatas;PA-07;2;24ª - EAF;202624296;Brincando de Matemático: Uma Experiência de Ensino e Aprendizagem em Matemática;CLEBER DE MEDEIRA;Educação;Comunicação Oral
Terça-feira;Sessão 2;Manhã;11:10;Ciências Exatas;PA-07;3;24ª - EAF;202625864;Ciência Ao Alcance de Todos: o Impacto das Cartilhas Temáticas na Comunidade;RICARDO ALVES BERNARDO;Educação;Comunicação Oral
Terça-feira;Sessão 2;Manhã;11:30;Ciências Exatas;PA-07;4;24ª - EAF;202625827;Ciência na Floresta: Construindo Espaços de Divulgação Científica;RICARDO JORGE KLITZKE;Educação;Comunicação Oral
Terça-feira;Sessão 3;Tarde;14:20;Ciências da Terra;CT06;2;24ª - EAF;202625567;Contribuição do Programa de Educação Tutorial na Trajetória de Farmacêuticos Egressos da Universidade Federal do Paraná;CARLOS EDUARDO ROCHA GARCIA;Educação;Comunicação Oral
Terça-feira;Sessão 3;Tarde;14:40;Ciências da Terra;CT06;3;24ª - EAF;202626365;Curso História do Brasil para Imigrantes: Educação, Diálogo e Experiência;OTAVIO LUIZ VIEIRA PINTO;Educação;Comunicação Oral
Terça-feira;Sessão 3;Tarde;15:00;Ciências da Terra;CT06;4;24ª - EAF;202624754;Cursos e Visitas;MARIENNE DO ROCIO DE MELLO MARON DA COSTA;Educação;Comunicação Oral
Terça-feira;Sessão 3;Tarde;14:00;Ciências Exatas;PA-03;1;24ª - EAF;202624340;Divulgação Científica em Matemática: Experiências e Práticas no Ambiente Acadêmico;CLEBER DE MEDEIRA;Educação;Comunicação Oral
Terça-feira;Sessão 3;Tarde;14:20;Ciências Exatas;PA-03;2;24ª - EAF;202623317;Filosofia e Vestibular;MAURIZIO FILIPPO DI SILVA;Educação;Comunicação Oral
Terça-feira;Sessão 3;Tarde;14:40;Ciências Exatas;PA-03;3;24ª - EAF;202625816;Formação Complementar e Desenvolvimento de Competências Práticas por Meio do Projeto Pet Cursos;RICARDO JORGE KLITZKE;Educação;Comunicação Oral
Terça-feira;Sessão 3;Tarde;15:00;Ciências Exatas;PA-03;4;24ª - EAF;202625934;Geologia para Todos: Uma Importante Forma de Transmitir Conhecimento;ARIADNE BORGO;Educação;Comunicação Oral
Terça-feira;Sessão 2;Manhã;10:30;Ciências Exatas;PA-08;1;24ª - EAF;202625652;Grupo de Estudos e Oficinas;LUIZ CARLOS PESSOA ALBINI;Educação;Comunicação Oral
Terça-feira;Sessão 2;Manhã;10:50;Ciências Exatas;PA-08;2;24ª - EAF;202626010;Guia Pet-psicologia para Árealização de Eventos Universitários;BRUNO ANGELO STRAPASSON;Educação;Comunicação Oral
Terça-feira;Sessão 3;Tarde;14:00;Ciências Exatas;PA-04;1;24ª - EAF;202625642;Informática para Imigrantes;LUIZ CARLOS PESSOA ALBINI;Educação;Comunicação Oral
Terça-feira;Sessão 3;Tarde;14:20;Ciências Exatas;PA-04;2;24ª - EAF;202626159;Integração e Formação Acadêmica: Possibilidades a Partir da “semana do Calouro”;RICARDO JOAO SONODA NUNES;Educação;Comunicação Oral
Terça-feira;Sessão 4;Tarde;16:10;Ciências da Terra;CT03;1;24ª - EAF;202624332;J3m: Divulgação Científica no Âmbito do Curso de Matemática.;CLEBER DE MEDEIRA;Educação;Comunicação Oral
Terça-feira;Sessão 2;Manhã;11:10;Ciências Exatas;PA-08;3;24ª - EAF;202623306;Laboratório Editorial Acadêmico;MAURIZIO FILIPPO DI SILVA;Educação;Comunicação Oral
Terça-feira;Sessão 2;Manhã;11:30;Ciências Exatas;PA-08;4;24ª - EAF;202625621;Leitura Colaborativa: Formação Complementar e Crítica no Pet Economia;DAYANI CRIS DE AQUINO;Educação;Comunicação Oral
Terça-feira;Sessão 3;Tarde;14:40;Ciências Exatas;PA-04;3;24ª - EAF;202625618;O Cinepet Como Atividade Extensionista;DAYANI CRIS DE AQUINO;Educação;Comunicação Oral
Terça-feira;Sessão 4;Tarde;16:30;Ciências da Terra;CT03;2;24ª - EAF;202624734;Oficinas e Mentorias;MARIENNE DO ROCIO DE MELLO MARON DA COSTA;Educação;Comunicação Oral
Terça-feira;Sessão 4;Tarde;16:50;Ciências da Terra;CT03;3;24ª - EAF;202626152;Os Jogos de Luta e a Educação Física Escolar;RICARDO JOAO SONODA NUNES;Educação;Comunicação Oral
Terça-feira;Sessão 3;Tarde;15:00;Ciências Exatas;PA-04;4;24ª - EAF;202624668;Pet Colóquios;JULIAN SIMOES CRUZ DE OLIVEIRA;Educação;Comunicação Oral
Terça-feira;Sessão 4;Tarde;17:10;Ciências da Terra;CT03;4;24ª - EAF;202625826;Pet Escola: Práticas e Saberes Ambientais;RICARDO JORGE KLITZKE;Educação;Comunicação Oral
Terça-feira;Sessão 2;Manhã;10:30;Ciências Exatas;PA-09;1;24ª - EAF;202626349;Pet Estatística e Eventos: Intensificando a Presença da Estatística na Ufpr;ANDERSON LUIZ ARA SOUZA;Educação;Comunicação Oral
Terça-feira;Sessão 3;Tarde;14:00;Ciências Exatas;PA-05;1;24ª - EAF;202626347;Pet Estatística: Participação em Congressos e Divulgação Científica;ANDERSON LUIZ ARA SOUZA;Educação;Comunicação Oral
Terça-feira;Sessão 5;Noite;19:00;Ciências da Terra;CT03;1;24ª - EAF;202625824;Pet Línguas Estrangeiras: Promoção da Aprendizagem de Idiomas e da Interculturalidade na Formação Acadêmica;RICARDO JORGE KLITZKE;Educação;Comunicação Oral
Quarta-feira;Sessão 1;Manhã;08:20;Ciências da Terra;CT02;1;24ª - EAF;202625817;Pet Mentor Como Ferramenta de Integração e Acolhimento Estudantil;RICARDO JORGE KLITZKE;Educação;Comunicação Oral
Terça-feira;Sessão 2;Manhã;10:50;Ciências Exatas;PA-09;2;24ª - EAF;202625214;Pet Raízes do Saber;MARIENNE DO ROCIO DE MELLO MARON DA COSTA;Educação;Comunicação Oral
Terça-feira;Sessão 5;Noite;19:20;Ciências da Terra;CT03;2;24ª - EAF;202623312;Programa de Extensão Pet na Escola;MAURIZIO FILIPPO DI SILVA;Educação;Comunicação Oral
Terça-feira;Sessão 5;Noite;19:40;Ciências da Terra;CT03;3;24ª - EAF;202625650;Recursos Educacionais Abertos da Computação e Suas Tecnologias;LUIZ CARLOS PESSOA ALBINI;Educação;Comunicação Oral
Terça-feira;Sessão 2;Manhã;11:10;Ciências Exatas;PA-09;3;24ª - EAF;202625610;Relato de Experiência Extensionista: Oficinas Sobre Velas Aromáticas;CARLOS EDUARDO ROCHA GARCIA;Educação;Comunicação Oral
Terça-feira;Sessão 5;Noite;20:00;Ciências da Terra;CT03;4;24ª - EAF;202625568;Relato de Extensão: Visitas Técnicas Como Ferramentas Complementares Ao Ensino Farmacêutico;CARLOS EDUARDO ROCHA GARCIA;Educação;Comunicação Oral
Terça-feira;Sessão 3;Tarde;14:20;Ciências Exatas;PA-05;2;24ª - EAF;202625853;Rompendo as Barreiras do Ensino Superior para os Jovens;RICARDO ALVES BERNARDO;Educação;Comunicação Oral
Terça-feira;Sessão 2;Manhã;11:30;Ciências Exatas;PA-09;4;24ª - EAF;202626070;Rpg Geológico, Resolvendo Problemas de Maneira Divertida;ARIADNE BORGO;Educação;Comunicação Oral
Quarta-feira;Sessão 1;Manhã;08:40;Ciências da Terra;CT02;2;24ª - EAF;202624315;Semana da Matemática (smat) 2026;CLEBER DE MEDEIRA;Educação;Comunicação Oral
Quarta-feira;Sessão 1;Manhã;09:00;Ciências da Terra;CT02;3;24ª - EAF;202623322;Seminários de Leitura e Debate de Textos;MAURIZIO FILIPPO DI SILVA;Educação;Comunicação Oral
Quarta-feira;Sessão 1;Manhã;09:20;Ciências da Terra;CT02;4;24ª - EAF;202625575;Seminários de Leitura: Aprofundamento Teórico em Ciências Econômicas;DAYANI CRIS DE AQUINO;Educação;Comunicação Oral
Terça-feira;Sessão 4;Tarde;16:10;Ciências da Terra;CT05;1;24ª - EAF;202625649;Stress Training;LUIZ CARLOS PESSOA ALBINI;Educação;Comunicação Oral
Terça-feira;Sessão 3;Tarde;14:40;Ciências Exatas;PA-05;3;24ª - EAF;202623217;A Abordagem Cts-arte no Pibid: Contribuições de Uma Intervenção Sobre Aquecimento Global para a Formação Inicial de Professores de Química;ROBERTO DALMO VARALLO LIMA DE OLIVEIRA;Educação;Comunicação Oral
Terça-feira;Sessão 3;Tarde;15:00;Ciências Exatas;PA-05;4;24ª - EAF;202624507;A Constituição Subjetiva da Árealidade: Diálogo Reflexivo na Filosofia com Crianças no 4º Ano;KAREN FRANKLIN DA SILVA;Educação;Comunicação Oral
Terça-feira;Sessão 4;Tarde;16:30;Ciências da Terra;CT05;2;24ª - EAF;202624521;A Construção do Contrato Social, Como Prática da Filosofia com as Crianças do Ensino Fundamental Anos Iniciais;KAREN FRANKLIN DA SILVA;Educação;Comunicação Oral
Terça-feira;Sessão 4;Tarde;16:50;Ciências da Terra;CT05;3;24ª - EAF;202626013;A Experiência do Lesson Study no Pibid Matemática;TANIA TERESINHA BRUNS ZIMER;Educação;Comunicação Oral
Terça-feira;Sessão 4;Tarde;17:10;Ciências da Terra;CT05;4;24ª - EAF;202626238;A Formação Inicial de Professores em Perspectiva Interdisciplinar: Reflexões a Partir do Projeto Pibid - Docência, Corpo e Infância;SIDMAR DOS SANTOS MEURER;Educação;Comunicação Oral
Terça-feira;Sessão 3;Tarde;14:00;Ciências Exatas;PA-07;1;24ª - EAF;202626074;A História da Escrita: Uma Sequência Didática para Uma Turma de 1º Ano do Ensino Fundamental;ADRIANE KNOBLAUCH;Educação;Comunicação Oral
Terça-feira;Sessão 5;Noite;19:00;Ciências da Terra;CT05;1;24ª - EAF;202623887;A Importância do Brincar na Formação Filosófica da Criança;KAREN FRANKLIN DA SILVA;Educação;Comunicação Oral
Terça-feira;Sessão 3;Tarde;14:20;Ciências Exatas;PA-07;2;24ª - EAF;202625766;A Plataforma Mecred Como Recurso para o Compartilhamento de Materiais no Ensino de Línguas;CATARINA PORTINHO NAUIACK;Educação;Comunicação Oral
Terça-feira;Sessão 3;Tarde;14:40;Ciências Exatas;PA-07;3;24ª - EAF;202625886;A Plataformização do Novo Ensino Médio: a Percepção Entre Discentes de Sociologia.;NELSON ROSARIO DE SOUZA;Educação;Comunicação Oral
Terça-feira;Sessão 3;Tarde;15:00;Ciências Exatas;PA-07;4;24ª - EAF;202625855;A Práxis Entre a Sala de Aula e o Litoral: a Construção da Identidade Docente e Social;ANE CIBELE PALMA;Educação;Comunicação Oral
Terça-feira;Sessão 5;Noite;19:20;Ciências da Terra;CT05;2;24ª - EAF;202625323;A Química das Cores: Uma Abordagem Cts-arte no Ensino de Química;ROBERTO DALMO VARALLO LIMA DE OLIVEIRA;Educação;Comunicação Oral
Terça-feira;Sessão 5;Noite;19:40;Ciências da Terra;CT05;3;24ª - EAF;202625890;Agronegócio, Sociologia e Representações Culturais.;NELSON ROSARIO DE SOUZA;Educação;Comunicação Oral
Terça-feira;Sessão 5;Noite;20:00;Ciências da Terra;CT05;4;24ª - EAF;202625882;Alfabetização Baseada em Evidências: Experiências e Desafios a Partir do Pibid Interdisciplinar Letras;CATARINA PORTINHO NAUIACK;Educação;Comunicação Oral
Terça-feira;Sessão 4;Tarde;16:10;Ciências da Terra;CT06;1;24ª - EAF;202626105;Alfabetização e Capital Cultural: Análise em Uma Escola Periférica de Araucária;ADRIANE KNOBLAUCH;Educação;Comunicação Oral
Terça-feira;Sessão 4;Tarde;16:30;Ciências da Terra;CT06;2;24ª - EAF;202623219;Analigrafia: Um Relato a Partir das Fotografias de Ambientes Poluídos e Estruturas Urbanas.;ROBERTO DALMO VARALLO LIMA DE OLIVEIRA;Educação;Comunicação Oral
Terça-feira;Sessão 3;Tarde;14:00;Ciências Exatas;PA-08;1;24ª - EAF;202626298;Antes da Sujeira, a Infância: Experiências de Brincar com Barro na Educação Física Escolar.;SIDMAR DOS SANTOS MEURER;Educação;Comunicação Oral
Terça-feira;Sessão 3;Tarde;14:20;Ciências Exatas;PA-08;2;24ª - EAF;202625902;As Lacunas na Formação Docente para a Educação Infantil no Currículo da Licenciatura em Educação Física da Ufpr;VERA LUIZA MORO;Educação;Comunicação Oral
Terça-feira;Sessão 3;Tarde;14:40;Ciências Exatas;PA-08;3;24ª - EAF;202625587;Aula Teórico Prática com o Tema “aracnídeos”;CLAUDIA MARIA SALLAI TANHOFFER;Educação;Comunicação Oral
Terça-feira;Sessão 5;Noite;19:00;Ciências da Terra;CT06;1;24ª - EAF;202626068;Brinquedos e Brincadeiras: Alfabetização e Letramento em Escola Periférica de Araucária;ADRIANE KNOBLAUCH;Educação;Comunicação Oral
Terça-feira;Sessão 3;Tarde;15:00;Ciências Exatas;PA-08;4;24ª - EAF;202625643;Cartografias da Memória: História Local e Produção de Sentidos Históricos no Colégio Estadual Professor Nilo Brandão;WILIAN CARLOS CIPRIANI BAROM;Educação;Comunicação Oral
Terça-feira;Sessão 4;Tarde;16:50;Ciências da Terra;CT06;3;24ª - EAF;202625876;Cineclube no Colégio Estadual Tatuquara: Cinema Enquanto Ferramenta de Promoção da Diversidade.;NELSON ROSARIO DE SOUZA;Educação;Comunicação Oral
Terça-feira;Sessão 4;Tarde;17:10;Ciências da Terra;CT06;4;24ª - EAF;202625623;Comparando o Estudo de História: as Perspectivas do Ensino Fundamental e o Ensino Médio;WILIAN CARLOS CIPRIANI BAROM;Educação;Comunicação Oral
Terça-feira;Sessão 5;Noite;19:20;Ciências da Terra;CT06;2;24ª - EAF;202626055;Copa do Mundo e Interculturalidade: Uma Proposta no Conteúdo de Jogos e Brincadeiras do Ensino Fundamental I;VERA LUIZA MORO;Educação;Comunicação Oral
Terça-feira;Sessão 5;Noite;19:40;Ciências da Terra;CT06;3;24ª - EAF;202626193;Corpo e Experiências Artísticas na Formação Docente em Música;RAFAEL STEFANICHEN FERRONATO;Educação;Comunicação Oral
Quarta-feira;Sessão 1;Manhã;08:20;Ciências da Terra;CT03;1;24ª - EAF;202624872;Cultura Pop e Química Analítica: Um Relato de Experiência na Perspectiva Cts-arte.;ROBERTO DALMO VARALLO LIMA DE OLIVEIRA;Educação;Comunicação Oral
Quarta-feira;Sessão 1;Manhã;08:40;Ciências da Terra;CT03;2;24ª - EAF;202625850;Da Escola À Universidade: Vivências da Oficina de Grafite do Pibid Educação Física Ufpr;VERA LUIZA MORO;Educação;Comunicação Oral
Terça-feira;Sessão 4;Tarde;16:10;Ciências Exatas;PA-03;1;24ª - EAF;202626056;Das Páginas do Álbum para a Sala de Aula: Uma Intervenção Sobre Relações de Gênero a Partir das Figurinhas da Copa do Mundo.;VERA LUIZA MORO;Educação;Comunicação Oral
Terça-feira;Sessão 4;Tarde;16:30;Ciências Exatas;PA-03;2;24ª - EAF;202625748;Descolonizando Saberes na Alfabetização: Literatura e Narrativas de Povos Originários no Contexto Escolar;CELIA RATUSNIAK;Educação;Comunicação Oral
Terça-feira;Sessão 4;Tarde;16:50;Ciências Exatas;PA-03;3;24ª - EAF;202626368;Desenho Universal para a Aprendizagem e Ensino de Óptica: Mediações para a Compreensão de Fenômenos Luminosos;SERGIO CAMARGO;Educação;Comunicação Oral
Terça-feira;Sessão 5;Noite;20:00;Ciências da Terra;CT06;4;24ª - EAF;202626372;Desenvolvimento de Um Sistema de Irrigação Autônomo: Uma Abordagem Mediada Pelo Ensino de Ciências por Investigação;SERGIO CAMARGO;Educação;Comunicação Oral
Terça-feira;Sessão 4;Tarde;17:10;Ciências Exatas;PA-03;4;24ª - EAF;202625746;Do Musgo À Flor: Relato de Experiência no Ensino da Diversidade Vegetal no 7º Ano do Ensino Fundamental;CLAUDIA MARIA SALLAI TANHOFFER;Educação;Comunicação Oral
Quarta-feira;Sessão 1;Manhã;09:00;Ciências da Terra;CT03;3;24ª - EAF;202626245;Docência, Corpo e Infância: Uma Experiência Interdisciplinar no Pibid/ufpr;SIDMAR DOS SANTOS MEURER;Educação;Comunicação Oral
Quarta-feira;Sessão 1;Manhã;09:20;Ciências da Terra;CT03;4;24ª - EAF;202625924;Educação Financeira na Perspectiva do Desenho Universal para Aprendizagem: Um Relato de Experiência no Pibid;TANIA TERESINHA BRUNS ZIMER;Educação;Comunicação Oral
Terça-feira;Sessão 3;Tarde;14:00;Ciências Exatas;PA-09;1;24ª - EAF;202625743;Ensinar com Afeto: os Vínculos Que Sustentam a Eja;CELIA RATUSNIAK;Educação;Comunicação Oral
Terça-feira;Sessão 3;Tarde;14:20;Ciências Exatas;PA-09;2;24ª - EAF;202626334;Ensino de Física e Formação Docente no Pibid/ufpr: Relato de Experiências em Uma Escola Pública de Ensino Médio;SERGIO CAMARGO;Educação;Comunicação Oral
Terça-feira;Sessão 4;Tarde;16:10;Ciências Exatas;PA-04;1;24ª - EAF;202625888;Ensino de Língua Inglesa e Formação Docente no Pibid: Reflexões Sobre a Atuação em Contexto Escolar;ANE CIBELE PALMA;Educação;Comunicação Oral
Quarta-feira;Sessão 2;Manhã;10:30;Ciências da Terra;CT01;1;24ª - EAF;202625024;Entre Flores e Fragrâncias: Uma Abordagem Cts-arte para o Ensino de Funções Orgânicas Oxigenadas;ROBERTO DALMO VARALLO LIMA DE OLIVEIRA;Educação;Comunicação Oral
Quarta-feira;Sessão 2;Manhã;10:50;Ciências da Terra;CT01;2;24ª - EAF;202626370;Entre Mitos e Ciência: a Transposição Didática no Ensino de Astronomia;SERGIO CAMARGO;Educação;Comunicação Oral
Quarta-feira;Sessão 1;Manhã;08:20;Ciências da Terra;CT05;1;24ª - EAF;202626348;Entre Trajetos, Riscos e a Vulnerabilidade Infantil: Educação Científica e Formação Humana no Trânsito Escolar;SERGIO CAMARGO;Educação;Comunicação Oral
Quarta-feira;Sessão 3;Tarde;14:00;Ciências da Terra;CT01;1;24ª - EAF;202626369;Entre a Experimentação e a Defasagem Matemática: Desafios À Aprendizagem de Física no Ensino Médio;SERGIO CAMARGO;Educação;Comunicação Oral
Terça-feira;Sessão 3;Tarde;14:40;Ciências Exatas;PA-09;3;24ª - EAF;202626211;Escuta, Paisagem Sonora e Formação Estética na Escola;RAFAEL STEFANICHEN FERRONATO;Educação;Comunicação Oral
Quarta-feira;Sessão 4;Tarde;16:10;Ciências da Terra;CT01;1;24ª - EAF;202626344;Experimentação e Pensamento Crítico no Ensino de Física: Uma Atividade Sobre Queda Livre no Ensino Médio;SERGIO CAMARGO;Educação;Comunicação Oral
Terça-feira;Sessão 3;Tarde;15:00;Ciências Exatas;PA-09;4;24ª - EAF;202625939;Experiência de Oficina Sobre Avaliação Textual a Partir de Estudos no Subprojeto Pibid Português;CIBELE NAIDHIG DE SOUZA;Educação;Comunicação Oral
Terça-feira;Sessão 4;Tarde;16:30;Ciências Exatas;PA-04;2;24ª - EAF;202625723;Experiências de Formação Docente no Pibid Português: Uma Leitura das Produções dos Estudantes da Educação Básica;CIBELE NAIDHIG DE SOUZA;Educação;Comunicação Oral
Quarta-feira;Sessão 1;Manhã;08:40;Ciências da Terra;CT05;2;24ª - EAF;202626084;Experiências de Formação Docente no Pibid Português: “uma Viagem Ao Espaço Sideral”;CIBELE NAIDHIG DE SOUZA;Educação;Comunicação Oral
Quarta-feira;Sessão 1;Manhã;09:00;Ciências da Terra;CT05;3;24ª - EAF;202623899;Filosofia para Crianças: Prática Filosófica com o Ensino Fundamental em Uma Escola Municipal de Curitiba Através do Pibid;KAREN FRANKLIN DA SILVA;Educação;Comunicação Oral
Quarta-feira;Sessão 1;Manhã;09:20;Ciências da Terra;CT05;4;24ª - EAF;202625858;Formar-se Professor em Contextos Reais: Interdisciplinaridade e Ensino de Inglês no Subprojeto Pibid Letras Inglês – Ufpr;ANE CIBELE PALMA;Educação;Comunicação Oral
Quarta-feira;Sessão 2;Manhã;11:10;Ciências da Terra;CT01;3;24ª - EAF;202625897;Formação Docente na Prática: a Experiência dos Pibidianos de Educação Física da Ufpr em Um Evento Escolar de Aproximação Escola-família;VERA LUIZA MORO;Educação;Comunicação Oral
Terça-feira;Sessão 4;Tarde;16:50;Ciências Exatas;PA-04;3;24ª - EAF;202626203;Gamificação e Aprendizagem Musical na Educação Básica;RAFAEL STEFANICHEN FERRONATO;Educação;Comunicação Oral
Terça-feira;Sessão 4;Tarde;17:10;Ciências Exatas;PA-04;4;24ª - EAF;202625962;Geomorfologia do Brasil e Domínios Morfoclimáticos: Pibid e as Práticas Pedagógicas no Ensino de Geografia Física;KARINA ROUSSENG DAL PONT;Educação;Comunicação Oral
Quarta-feira;Sessão 3;Tarde;14:20;Ciências da Terra;CT01;2;24ª - EAF;202625904;Ginástica Artística na Escola: Possibilidades Pedagógicas a Partir de Uma Experiência do Pibid Educação Física - Ufpr;VERA LUIZA MORO;Educação;Comunicação Oral
Quarta-feira;Sessão 2;Manhã;11:30;Ciências da Terra;CT01;4;24ª - EAF;202625620;História Local no Colégio Estadual Ernani Vidal: Contribuições do Pibid História;WILIAN CARLOS CIPRIANI BAROM;Educação;Comunicação Oral
Quarta-feira;Sessão 3;Tarde;14:40;Ciências da Terra;CT01;3;24ª - EAF;202626197;Identidade e Criação Artística no Ensino de Arte;RAFAEL STEFANICHEN FERRONATO;Educação;Comunicação Oral
Quarta-feira;Sessão 3;Tarde;15:00;Ciências da Terra;CT01;4;24ª - EAF;202625870;Ingresso na Universidade;NELSON ROSARIO DE SOUZA;Educação;Comunicação Oral
Quarta-feira;Sessão 4;Tarde;16:30;Ciências da Terra;CT01;2;24ª - EAF;202626093;Integração Entre Turmas por Meio de Hqs: Um Relato de Experiência no Pibid;ADRIANE KNOBLAUCH;Educação;Comunicação Oral
Quarta-feira;Sessão 4;Tarde;16:50;Ciências da Terra;CT01;3;24ª - EAF;202625762;Inteligência Artificial na Escola: Benefícios e Problemáticas;CATARINA PORTINHO NAUIACK;Educação;Comunicação Oral
Quarta-feira;Sessão 4;Tarde;17:10;Ciências da Terra;CT01;4;24ª - EAF;202624871;Introdução a Conceitos da Teoria Atômica e Transformações Nucleares Através de Provocações Sobre Guerra e Armamento Nuclear;ROBERTO DALMO VARALLO LIMA DE OLIVEIRA;Educação;Comunicação Oral
Quarta-feira;Sessão 1;Manhã;08:20;Ciências da Terra;CT06;1;24ª - EAF;202626071;Jogo Simbólico e Matemática: Aprendendo e Brincando com o Pibid;ADRIANE KNOBLAUCH;Educação;Comunicação Oral
Quarta-feira;Sessão 1;Manhã;08:40;Ciências da Terra;CT06;2;24ª - EAF;202625751;Jogos de Alfabetização na Educação de Jovens e Adultos: Resultados Coletados na Sepe e na Aplicação com Uma Turma da Eja;CELIA RATUSNIAK;Educação;Comunicação Oral
Quarta-feira;Sessão 1;Manhã;09:00;Ciências da Terra;CT06;3;24ª - EAF;202626114;Letramento Literário e Formação do Pensamento Crítico em Classes de Alfabetização;MARCIA BAIERSDORF;Educação;Comunicação Oral
Quarta-feira;Sessão 1;Manhã;09:20;Ciências da Terra;CT06;4;24ª - EAF;202625543;Livreto: Palavras Afro-brasileiras para Guardar na Memória;DULCE DIRCLAIR HUF BAIS;Educação;Comunicação Oral
Quarta-feira;Sessão 5;Noite;19:00;Ciências da Terra;CT01;1;24ª - EAF;202626342;Luz, Imagem e Experimentação: Reflexões Sobre o Ensino de Óptica na Educação Profissional;SERGIO CAMARGO;Educação;Comunicação Oral
Quarta-feira;Sessão 5;Noite;19:20;Ciências da Terra;CT01;2;24ª - EAF;202626251;Materiais Didáticos e Formação da Identidade Docente: Um Relato de Experiência a Partir do Pibid;SIDMAR DOS SANTOS MEURER;Educação;Comunicação Oral
Quarta-feira;Sessão 5;Noite;19:40;Ciências da Terra;CT01;3;24ª - EAF;202626198;Música nas Disciplinas Eletivas: Experiências no Ensino Integral;RAFAEL STEFANICHEN FERRONATO;Educação;Comunicação Oral
Quarta-feira;Sessão 5;Noite;20:00;Ciências da Terra;CT01;4;24ª - EAF;202626112;Narrativas Compartilhadas em Histórias Inventadas a Partir de Disparadores Criativos;MARCIA BAIERSDORF;Educação;Comunicação Oral
Terça-feira;Sessão 5;Noite;19:00;Ciências Exatas;PA-03;1;24ª - EAF;202626219;O Circo e a Ginástica Como Possibilidade Pedagógica de Ressignificação Corporal e Valorização da Diversidade na Educação Física Escolar;SIDMAR DOS SANTOS MEURER;Educação;Comunicação Oral
Quarta-feira;Sessão 2;Manhã;10:30;Ciências da Terra;CT02;1;24ª - EAF;202624516;O Conceito de Amizade em Debate: Experiências da Filosofia Para/com Crianças a Partir do Programa Institucional de Bolsas de Iniciação À Docência (pibid);KAREN FRANKLIN DA SILVA;Educação;Comunicação Oral
Quarta-feira;Sessão 3;Tarde;14:00;Ciências da Terra;CT02;1;24ª - EAF;202623902;O Desenvolvimento do Conceito de Justiça a Partir da Prática Filosófica com Crianças;KAREN FRANKLIN DA SILVA;Educação;Comunicação Oral
Quinta-feira;Sessão 1;Manhã;08:20;Ciências da Terra;CT01;1;24ª - EAF;202626353;O Ensino de Física na Cultura Digital: Disputas Pela Atenção e Formas de Engajamento Escolar;SERGIO CAMARGO;Educação;Comunicação Oral
Terça-feira;Sessão 5;Noite;19:20;Ciências Exatas;PA-03;2;24ª - EAF;202625921;O Ensino de Progressão Aritmética e Geométrica Sob a Perspectiva do Desenho Universal para Aprendizagem no Pibid;TANIA TERESINHA BRUNS ZIMER;Educação;Comunicação Oral
Quinta-feira;Sessão 1;Manhã;08:40;Ciências da Terra;CT01;2;24ª - EAF;202623890;O Lúdico na Aprendizagem: o Mascote Como Intermediário do Diálogo;KAREN FRANKLIN DA SILVA;Educação;Comunicação Oral
Terça-feira;Sessão 5;Noite;19:40;Ciências Exatas;PA-03;3;24ª - EAF;202625975;O Lúdico no Ensino de Ciências: o Jogo Como Ferramenta Didática para o Estudo de Cadeias Alimentares no Ensino Fundamental;CLAUDIA MARIA SALLAI TANHOFFER;Educação;Comunicação Oral
Quarta-feira;Sessão 3;Tarde;14:20;Ciências da Terra;CT02;2;24ª - EAF;202624913;O Mercúrio no Garimpo Brasileiro: Reflexões Cts-arte no Ensino de Química;ROBERTO DALMO VARALLO LIMA DE OLIVEIRA;Educação;Comunicação Oral
Terça-feira;Sessão 5;Noite;20:00;Ciências Exatas;PA-03;4;24ª - EAF;202626115;O Pequeno Museu Escolar de Práticas e Memórias da Alfabetização;MARCIA BAIERSDORF;Educação;Comunicação Oral
Quarta-feira;Sessão 3;Tarde;14:40;Ciências da Terra;CT02;3;24ª - EAF;202625614;O Pibid de História no Colégio Estadual Ernani Vidal;WILIAN CARLOS CIPRIANI BAROM;Educação;Comunicação Oral
Quarta-feira;Sessão 2;Manhã;10:50;Ciências da Terra;CT02;2;24ª - EAF;202626107;O Planejamento Como Tempo e Espaço Formativo da Docência;MARCIA BAIERSDORF;Educação;Comunicação Oral
Quarta-feira;Sessão 2;Manhã;11:10;Ciências da Terra;CT02;3;24ª - EAF;202625286;O Projeto Pibid “alfabetização: Leitura e Escrita na Transição da Educação Infantil para o Ensino Fundamental”: as Parlendas na Educação Infantil (parte 1);LEZIANY SILVEIRA DANIEL;Educação;Comunicação Oral
Quarta-feira;Sessão 3;Tarde;15:00;Ciências da Terra;CT02;4;24ª - EAF;202625291;O Projeto Pibid “alfabetização: Leitura e Escrita na Transição da Educação Infantil para o Ensino Fundamental”: as Parlendas na Educação Infantil (parte 2);LEZIANY SILVEIRA DANIEL;Educação;Comunicação Oral
Quarta-feira;Sessão 4;Tarde;16:10;Ciências da Terra;CT02;1;24ª - EAF;202624513;O Segredo do Cadeado: Uma Atividade Lúdica para a Filosofia com Crianças;KAREN FRANKLIN DA SILVA;Educação;Comunicação Oral
Quinta-feira;Sessão 1;Manhã;09:00;Ciências da Terra;CT01;3;24ª - EAF;202623216;O Uso da Metodologia Cts-arte na Produção de Atividades Artísticas na Química Sob a Perspectiva da Arte Asteca;ROBERTO DALMO VARALLO LIMA DE OLIVEIRA;Educação;Comunicação Oral
Quarta-feira;Sessão 2;Manhã;11:30;Ciências da Terra;CT02;4;24ª - EAF;202625938;Olhar Sobre a Exposição Literária: Uma Intervenção Pedagógica no Âmbito do Pibid Letras – Português;CIBELE NAIDHIG DE SOUZA;Educação;Comunicação Oral
Quinta-feira;Sessão 2;Manhã;10:30;Ciências da Terra;CT01;1;24ª - EAF;202626335;Olhares Sobre a Sala de Aula: Cultura Escolar e Formação Docente no Subprojeto Pibid/física-ufpr;SERGIO CAMARGO;Educação;Comunicação Oral
Quarta-feira;Sessão 4;Tarde;16:30;Ciências da Terra;CT02;2;24ª - EAF;202626314;Os Desafios e Possibilidades da Formação do Leitor nos Anos Iniciais do Ensino Fundamental I (pibid / Alfabetização);LEZIANY SILVEIRA DANIEL;Educação;Comunicação Oral
Quarta-feira;Sessão 4;Tarde;16:50;Ciências da Terra;CT02;3;24ª - EAF;202626091;Perspectivas Sobre a Formação Docente no Pibid Português: Uma Análise das Produções dos Alunos do E.m;CIBELE NAIDHIG DE SOUZA;Educação;Comunicação Oral
Quarta-feira;Sessão 4;Tarde;17:10;Ciências da Terra;CT02;4;24ª - EAF;202625641;Pibid - História no Colégio Estadual Professor Nilo Brandão;WILIAN CARLOS CIPRIANI BAROM;Educação;Comunicação Oral
Quinta-feira;Sessão 1;Manhã;09:20;Ciências da Terra;CT01;4;24ª - EAF;202626312;Pibid Alfabetização: o Letramento Literário em Uma Oficina de Literatura no Tempo Ampliado em Curitiba;LEZIANY SILVEIRA DANIEL;Educação;Comunicação Oral
Quinta-feira;Sessão 2;Manhã;10:50;Ciências da Terra;CT01;2;24ª - EAF;202625925;Pibid Geografia e as Oficinas Pedagógicas Como Estratégia Metodológica na Educação Geográfica;KARINA ROUSSENG DAL PONT;Educação;Comunicação Oral
Terça-feira;Sessão 5;Noite;19:00;Ciências Exatas;PA-04;1;24ª - EAF;202625920;Pibid Geografia e os Jogos Como Ferramenta para a Educação Geográfica;KARINA ROUSSENG DAL PONT;Educação;Comunicação Oral
Terça-feira;Sessão 5;Noite;19:20;Ciências Exatas;PA-04;2;24ª - EAF;202625879;Pibid Letras Inglês da Ufpr - Vivências e Aprendizados no Processo de Formação Docente;ANE CIBELE PALMA;Educação;Comunicação Oral
Quinta-feira;Sessão 2;Manhã;11:10;Ciências da Terra;CT01;3;24ª - EAF;202626014;Pibid Letras Inglês da Ufpr – a Inserção da Língua Inglesa em Aulas de Programação e Educação Digital;ANE CIBELE PALMA;Educação;Comunicação Oral
Quarta-feira;Sessão 2;Manhã;10:30;Ciências da Terra;CT03;1;24ª - EAF;202625868;Pibid Letras Inglês da Universidade Federal do Paraná: Formação Docente e Reflexões Sobre o Ensino de Língua Inglesa na Escola Pública;ANE CIBELE PALMA;Educação;Comunicação Oral
Quarta-feira;Sessão 3;Tarde;14:00;Ciências da Terra;CT03;1;24ª - EAF;202625873;Pibid Letras Inglês: Realia, Tecnologias e Experiências do Chão da Escola no Ensino de Língua Inglesa;ANE CIBELE PALMA;Educação;Comunicação Oral
Terça-feira;Sessão 5;Noite;19:40;Ciências Exatas;PA-04;3;24ª - EAF;202625935;Pibid Português: Letramentos, Leituras e Educação Socioemocional.;CIBELE NAIDHIG DE SOUZA;Educação;Comunicação Oral
Terça-feira;Sessão 5;Noite;20:00;Ciências Exatas;PA-04;4;24ª - EAF;202625616;Pibid-história: Um Caminho Histórico-geográfico e Artístico Pelo Centro de Curitiba;WILIAN CARLOS CIPRIANI BAROM;Educação;Comunicação Oral
Quarta-feira;Sessão 2;Manhã;10:50;Ciências da Terra;CT03;2;24ª - EAF;202625765;Plataforma Leia Paraná e o Impacto no Ensino de Alunos Neurodivergentes;CATARINA PORTINHO NAUIACK;Educação;Comunicação Oral
Quarta-feira;Sessão 2;Manhã;11:10;Ciências da Terra;CT03;3;24ª - EAF;202625929;Potencialidades de Uma Abordagem Crítica Sobre o Marketing de Rede para o Ensino de Conceitos Envolvendo Exponenciais, Logaritmos e Progressões no Pibid;TANIA TERESINHA BRUNS ZIMER;Educação;Comunicação Oral
Quarta-feira;Sessão 2;Manhã;11:30;Ciências da Terra;CT03;4;24ª - EAF;202625892;Projeto de Intervenção Didática de Sociologia: Democracia, Dinheiro e Representação Política.;NELSON ROSARIO DE SOUZA;Educação;Comunicação Oral
Quinta-feira;Sessão 2;Manhã;11:30;Ciências da Terra;CT01;4;24ª - EAF;202626207;Práticas Instrumentais Coletivas e Musicalização na Infância;RAFAEL STEFANICHEN FERRONATO;Educação;Comunicação Oral
Quinta-feira;Sessão 3;Tarde;14:00;Ciências da Terra;CT01;1;24ª - EAF;202626350;Práticas Investigativas no Ensino de Microbiologia: Explorando o Reino Monera e a Higiene no Cotidiano Escolar;SERGIO CAMARGO;Educação;Comunicação Oral
Quarta-feira;Sessão 3;Tarde;14:20;Ciências da Terra;CT03;2;24ª - EAF;202626087;Práticas de Letramento e Ensino de Língua Portuguesa: Diagnóstico e Intervenções no Ensino Fundamental;CIBELE NAIDHIG DE SOUZA;Educação;Comunicação Oral
Quarta-feira;Sessão 3;Tarde;14:40;Ciências da Terra;CT03;3;24ª - EAF;202626230;Quando o Olhar Encontra a Imagem: Recursos Visuais Como Ponte para a Participação de Crianças Autistas na Educação Física Escolar;SIDMAR DOS SANTOS MEURER;Educação;Comunicação Oral
Quarta-feira;Sessão 3;Tarde;15:00;Ciências da Terra;CT03;4;24ª - EAF;202625738;Quem Sou Eu? Identidade, Raça e Gênero no Processo de Alfabetização.;CELIA RATUSNIAK;Educação;Comunicação Oral
Quinta-feira;Sessão 3;Tarde;14:20;Ciências da Terra;CT01;2;24ª - EAF;202624887;Química Nuclear e Ética Ambiental: Uma Abordagem Interdisciplinar Através da Estética Cyberpunk no Ensino Médio;ROBERTO DALMO VARALLO LIMA DE OLIVEIRA;Educação;Comunicação Oral
Quinta-feira;Sessão 3;Tarde;14:40;Ciências da Terra;CT01;3;24ª - EAF;202626059;Relato de Experiências no Clube de Ciências;CLAUDIA MARIA SALLAI TANHOFFER;Educação;Comunicação Oral
Quinta-feira;Sessão 4;Tarde;16:10;Ciências da Terra;CT01;1;24ª - EAF;202626336;Representações do Cosmos: Experiências Investigativas no Ensino de Astronomia;SERGIO CAMARGO;Educação;Comunicação Oral
Quinta-feira;Sessão 5;Noite;19:00;Ciências da Terra;CT01;1;24ª - EAF;202626367;Resolução de Problemas e Mediação Pedagógica no Ensino de Física: Uma Experiência no Ensino Médio;SERGIO CAMARGO;Educação;Comunicação Oral
Quinta-feira;Sessão 3;Tarde;15:00;Ciências da Terra;CT01;4;24ª - EAF;202625893;Slam e Poesia Marginal: para Além dos Muros da Escola.;NELSON ROSARIO DE SOUZA;Educação;Comunicação Oral
Quinta-feira;Sessão 4;Tarde;16:30;Ciências da Terra;CT01;2;24ª - EAF;202625884;Sonacirema: Uma Introdução Ao Letramento Crítico Sobre Imigração;CATARINA PORTINHO NAUIACK;Educação;Comunicação Oral
Quinta-feira;Sessão 4;Tarde;16:50;Ciências da Terra;CT01;3;24ª - EAF;202624900;Termodinâmica e Impactos Ambientais: Um Relato de Experiência a Partir da Abordagem Cts-a no Pibid;ROBERTO DALMO VARALLO LIMA DE OLIVEIRA;Educação;Comunicação Oral
Quinta-feira;Sessão 4;Tarde;17:10;Ciências da Terra;CT01;4;24ª - EAF;202625740;Textoteca: Práticas de Letramento com Intersecções de Raça e Gênero no Ciclo de Alfabetização;CELIA RATUSNIAK;Educação;Comunicação Oral
Quinta-feira;Sessão 5;Noite;19:20;Ciências da Terra;CT01;2;24ª - EAF;202625974;Trocas de Experiências Entre o Pibid - Biologia e Clubes de Ciências da Rede Napi - Paraná Faz Ciência;CLAUDIA MARIA SALLAI TANHOFFER;Educação;Comunicação Oral
Quinta-feira;Sessão 5;Noite;19:40;Ciências da Terra;CT01;3;24ª - EAF;202625875;Um Panorama da Alfabetização Baseada em Evidências e da Ciência Cognitiva da Leitura;CATARINA PORTINHO NAUIACK;Educação;Comunicação Oral
Quarta-feira;Sessão 1;Manhã;08:20;Ciências Exatas;PA-03;1;24ª - EAF;202625550;Uma Peça Esquecida: Memória, Trabalho Técnico e Patrimônio Educacional na Anatomia;CLAUDIA MARIA SALLAI TANHOFFER;Educação;Comunicação Oral
Quinta-feira;Sessão 5;Noite;20:00;Ciências da Terra;CT01;4;24ª - EAF;202625906;Vivências da Ginástica para Todos na Educação Física Escolar: Relato de Experiência do Pibid Educação Física - Ufpr;VERA LUIZA MORO;Educação;Comunicação Oral
Terça-feira;Sessão 5;Noite;19:00;Ciências Exatas;PA-05;1;24ª - EAF;202625745;Vivências de Leitura e Escrita, Um Olhar Crítico e Sensível Frente as Dificuldades na Alfabetização.;CELIA RATUSNIAK;Educação;Comunicação Oral
Quarta-feira;Sessão 5;Noite;19:00;Ciências da Terra;CT02;1;24ª - EAF;202623223;Átomos: o Que os Olhos Não Podem Ver;ROBERTO DALMO VARALLO LIMA DE OLIVEIRA;Educação;Comunicação Oral
Terça-feira;Sessão 5;Noite;19:20;Ciências Exatas;PA-05;2;24ª - EAF;202624014;A Monitoria Como Estratégia de Aprendizagem Ativa no Ensino de Biotecnologia Florestal;GIOVANA BOMFIM DE ALCANTARA;Educação;Comunicação Oral
Terça-feira;Sessão 5;Noite;19:40;Ciências Exatas;PA-05;3;24ª - EAF;202626194;A Monitoria Como Prática Reflexiva para a Formação Docente em Física;IVANILDA HIGA;Educação;Comunicação Oral
Terça-feira;Sessão 5;Noite;20:00;Ciências Exatas;PA-05;4;24ª - EAF;202622965;A Monitoria em Matemática Financeira e Seus Aprendizados;JONATAS DUTRA SALLABERRY;Educação;Comunicação Oral
Quarta-feira;Sessão 1;Manhã;08:40;Ciências Exatas;PA-03;2;24ª - EAF;202625670;A Monitoria em Neuroanatomia Como Ferramenta de Integração Morfofuncional e Suporte Discente;EDSON ANTONIO TANHOFFER;Educação;Comunicação Oral
Quarta-feira;Sessão 1;Manhã;09:00;Ciências Exatas;PA-03;3;24ª - EAF;202623092;Atividade em Educação a Distância na Formação em Nutrição: Relato de Experiência de Monitoria em Avaliação Nutricional;ANABELLE RETONDARIO;Educação;Comunicação Oral
Quarta-feira;Sessão 1;Manhã;09:20;Ciências Exatas;PA-03;4;24ª - EAF;202623368;Bf 126 - Fisiologia Humana - Educação Física: Resultados da Monitoria em 1 2026;ANA MARIA CALIMAN FILADELFI;Educação;Comunicação Oral
Quarta-feira;Sessão 5;Noite;19:20;Ciências da Terra;CT02;2;24ª - EAF;202625502;Da Lâmina Ao Raciocínio Clínico: a Monitoria Como Ponte Entre Teoria e Prática em Anatomia Patológica;RAFAELA PIRES ERTHAL MICHELATO;Educação;Comunicação Oral
Quarta-feira;Sessão 5;Noite;19:40;Ciências da Terra;CT02;3;24ª - EAF;202625803;Da Quadra À Docência: Reflexões e Aprendizados na Monitoria de Voleibol na Educação Física;MICHAELA CAMARGO;Educação;Comunicação Oral
Quarta-feira;Sessão 5;Noite;20:00;Ciências da Terra;CT02;4;24ª - EAF;202623691;Diários Reflexivos e Monitoria Acadêmica: Experiências de Mediação na Disciplina Fundamentos da Educação Especial;JULIANA CRESPO LOPES;Educação;Comunicação Oral
Terça-feira;Sessão 4;Tarde;16:10;Ciências Exatas;PA-05;1;24ª - EAF;202625917;Entre Lâminas, Revisões e Práticas: a Experiência da Monitoria em Histologia I na Graduação em Medicina.;CLAUDIA FEIJO ORTOLANI MACHADO;Educação;Comunicação Oral
Terça-feira;Sessão 4;Tarde;16:30;Ciências Exatas;PA-05;2;24ª - EAF;202625625;Estratégias Didáticas no Ensino de Parasitologia Veterinária: Organização Prática e Uso de Modelos 3d;MARCIA KIYOE SHIMADA;Educação;Comunicação Oral
Terça-feira;Sessão 4;Tarde;16:50;Ciências Exatas;PA-05;3;24ª - EAF;202625651;Experiência nas Atividades de Monitoria da Disciplina de Recursos Termofototerapêuticos no Curso de Fisioterapia da Ufpr;RACIELE IVANDRA GUARDA KORELO;Educação;Comunicação Oral
Terça-feira;Sessão 4;Tarde;17:10;Ciências Exatas;PA-05;4;24ª - EAF;202626158;Jornal Sociologia & Educação: Relato de Uma Experiência com os Clássicos;MARIANA CORREA DE AZEVEDO;Educação;Comunicação Oral
Terça-feira;Sessão 4;Tarde;16:10;Ciências Exatas;PA-07;1;24ª - EAF;202624200;Monitoria Acadêmica e Aprendizagem Colaborativa em Língua Italiana I: Experiências de Apoio Pedagógico no Ensino Superior;GABRIELLE CRISTINA BAUMANN SALVATTO;Educação;Comunicação Oral
Terça-feira;Sessão 4;Tarde;16:30;Ciências Exatas;PA-07;2;24ª - EAF;202626100;Monitoria Acadêmica em Técnica Dietética I do Curso de Nutrição;ANGELICA APARECIDA MAURICIO;Educação;Comunicação Oral
Terça-feira;Sessão 4;Tarde;16:50;Ciências Exatas;PA-07;3;24ª - EAF;202625036;Monitoria da Disciplina de Física I - Curso Técnico em Petróleo e Gás;ADRIANO RODRIGUES DE MORAES;Educação;Comunicação Oral
Terça-feira;Sessão 4;Tarde;17:10;Ciências Exatas;PA-07;4;24ª - EAF;202626089;Monitoria e Produção de Material Educacional para Disciplina Fisiologia para Fisioterapia I;FERNANDO AUGUSTO LAVEZZO DIAS;Educação;Comunicação Oral
Terça-feira;Sessão 4;Tarde;16:10;Ciências Exatas;PA-08;1;24ª - EAF;202625910;Monitoria em Bioquímica I para o Curso de Medicina: Ações Desenvolvidas e Percepção Discente;SILVIA MARIA SUTER CORREIA CADENA;Educação;Comunicação Oral
Terça-feira;Sessão 4;Tarde;16:30;Ciências Exatas;PA-08;2;24ª - EAF;202623292;Monitoria em Esportes Ginásticos: Possibilidades na Formação Docente;LETICIA BARTHOLOMEU DE QUEIROZ LIMA;Educação;Comunicação Oral
Terça-feira;Sessão 4;Tarde;16:50;Ciências Exatas;PA-08;3;24ª - EAF;202625481;Monitoria em Histologia para o Curso de Medicina;MARIA CRISTINA LEME GODOY DOS SANTOS;Educação;Comunicação Oral
Terça-feira;Sessão 4;Tarde;17:10;Ciências Exatas;PA-08;4;24ª - EAF;202625516;Monitoria em Teorias da Administração Pública – Gp 128: Relato de Experiência;CHRISTIAN MENDEZ ALCANTARA;Educação;Comunicação Oral
Terça-feira;Sessão 4;Tarde;16:10;Ciências Exatas;PA-09;1;24ª - EAF;202625490;Monitoria na Disciplina de Ergonomia;ELIANA REMOR TEIXEIRA;Educação;Comunicação Oral
Terça-feira;Sessão 4;Tarde;16:30;Ciências Exatas;PA-09;2;24ª - EAF;202625638;Patogincana e Recursos Digitais: Estratégias de Monitoria no Ensino de Anatomia Patológica;RAFAELA PIRES ERTHAL MICHELATO;Educação;Comunicação Oral
Terça-feira;Sessão 4;Tarde;16:50;Ciências Exatas;PA-09;3;24ª - EAF;202625874;Relato de Monitoria em Estrutura e Função de Biomoléculas para Biomedicina Bq085 - 2026;DIOGO RICARDO BAZAN DUCATTI;Educação;Comunicação Oral
Terça-feira;Sessão 4;Tarde;17:10;Ciências Exatas;PA-09;4;24ª - EAF;202625802;Seminários Temáticos I - Práticas Corporais de Aventura: Um Relato de Experiência Sobre a Docência Compartilhada;MICHAELA CAMARGO;Educação;Comunicação Oral
Terça-feira;Sessão 5;Noite;19:00;Ciências Exatas;PA-07;1;24ª - EAF;202625594;Vivências na Monitoria de Recursos Eletroterapêuticos: Relato de Experiência em Fisioterapia;RACIELE IVANDRA GUARDA KORELO;Educação;Comunicação Oral
Terça-feira;Sessão 5;Noite;19:20;Ciências Exatas;PA-07;2;24ª - EAF;202625299;Atuação da Comissão de Orientação Acadêmica Especializada na Mediação do Atendimento Educacional Especializado no Curso de Terapia Ocupacional da Ufpr;GABRIELA CORDEIRO CORREA DO NASCIMENTO;Educação;Comunicação Oral
Terça-feira;Sessão 5;Noite;19:40;Ciências Exatas;PA-07;3;24ª - EAF;202625954;Embriologia Comparada: Integração Entre Pesquisa e Ensino por Meio do Desenvolvimento de Recursos Didáticos;FLAVIA SANT ANNA RIOS;Educação;Comunicação Oral
Terça-feira;Sessão 5;Noite;20:00;Ciências Exatas;PA-07;4;24ª - EAF;202623491;Metodologia Dicumba e Aprendizagem em Química: Contribuições para os Processos de Memória e Engajamento Discente;EVERTON BEDIN;Educação;Comunicação Oral
Terça-feira;Sessão 5;Noite;19:00;Ciências Exatas;PA-08;1;24ª - EAF;202623439;Prevalência de Sofrimento Mental nos Acadêmicos de Medicina da Ufpr;MARCELO JOSE DE SOUZA E SILVA;Educação;Comunicação Oral
Terça-feira;Sessão 5;Noite;19:20;Ciências Exatas;PA-08;2;24ª - EAF;202625687;A Cultura e a Interculturalidade no Ensino de Língua Polonesa na Escola Municipal “madre Antônia” em Curitiba;ALICJA MARIA GOCZYLA FERREIRA;Educação;Comunicação Oral
Terça-feira;Sessão 5;Noite;19:40;Ciências Exatas;PA-08;3;24ª - EAF;202625630;Alfabetização Científica e Tecnológica em Língua Espanhola: Um Estado da Arte nas Bases Portal Periódico Capes e Google Acadêmico;LEONIR LORENZETTI;Educação;Comunicação Oral
Quarta-feira;Sessão 1;Manhã;08:20;Ciências Exatas;PA-04;1;24ª - EAF;202625629;Alfabetização Científica e Tecnológica em Língua Portuguesa: Um Estado da Arte nas Bases Portal Periódico Capes e Google Acadêmico;LEONIR LORENZETTI;Educação;Comunicação Oral
Terça-feira;Sessão 5;Noite;20:00;Ciências Exatas;PA-08;4;24ª - EAF;202625845;Boas Práticas Educativas em Educação Física: Relatos de Experiência de Um Projeto Licenciar;SERGIO ROBERTO CHAVES JUNIOR;Educação;Comunicação Oral
Quarta-feira;Sessão 1;Manhã;08:40;Ciências Exatas;PA-04;2;24ª - EAF;202623273;De Cá para Lá, de Lá para Cá: Se a Ginástica Está na Escola a Escola Está na Universidade;LETICIA BARTHOLOMEU DE QUEIROZ LIMA;Educação;Comunicação Oral
Quarta-feira;Sessão 1;Manhã;09:00;Ciências Exatas;PA-04;3;24ª - EAF;202625998;Desinvisibilizar Saberes: Práticas de Letramento e Numeramento em Diálogo com Mulheres Trabalhadoras da Universidade;CARLA CRISTINA POMPEU;Educação;Comunicação Oral
Quarta-feira;Sessão 1;Manhã;09:20;Ciências Exatas;PA-04;4;24ª - EAF;202624185;Diversidade Linguístico-cultural e Pragmática na Formação Docente: Experiências de Sensibilização no Programa Licenciar;GABRIELLE CRISTINA BAUMANN SALVATTO;Educação;Comunicação Oral
Terça-feira;Sessão 5;Noite;19:00;Ciências Exatas;PA-09;1;24ª - EAF;202625607;Entre Trilhas, Saberes e Corpos: Práticas Corporais Contemporâneas na Formação Inicial em Educação Física no Projeto Licenciar Ufpr;MICHAELA CAMARGO;Educação;Comunicação Oral
Terça-feira;Sessão 5;Noite;19:20;Ciências Exatas;PA-09;2;24ª - EAF;202625539;Fatores Que Motivaram o Ingresso e a Permanência de Pessoas Idosas em Um Projeto de Atividades Físicas e Socioculturais: a Relação da Educação Física Escolar Nesse Processo;ROSECLER VENDRUSCOLO;Educação;Comunicação Oral
Terça-feira;Sessão 5;Noite;19:40;Ciências Exatas;PA-09;3;24ª - EAF;202626205;Fibra na Escola: Contribuições do Projeto para a Formação de Licenciandos em Física;IGOR KONIECZNIAK;Educação;Comunicação Oral
Quarta-feira;Sessão 1;Manhã;08:20;Ciências Exatas;PA-05;1;24ª - EAF;202625560;Formação Inicial de Professores de Física e Investigação Didática: Reflexões a Partir do Programa Licenciar;IVANILDA HIGA;Educação;Comunicação Oral
Terça-feira;Sessão 5;Noite;20:00;Ciências Exatas;PA-09;4;24ª - EAF;202624895;Instrumentos de Avaliação em Matemática;GABRIEL DOS SANTOS E SILVA;Educação;Comunicação Oral
Quarta-feira;Sessão 1;Manhã;08:40;Ciências Exatas;PA-05;2;24ª - EAF;202625663;Lazer e Educação: Práticas Corporais de Aventura para Estudantes de Escolas Públicas de Curitiba/pr;CINTHIA LOPES DA SILVA;Educação;Comunicação Oral
Quarta-feira;Sessão 1;Manhã;09:00;Ciências Exatas;PA-05;3;24ª - EAF;202623833;Nimbus na Educação Básica: o Ensino do Clima da Teoria À Prática;PEDRO AUGUSTO BREDA FONTAO;Educação;Comunicação Oral
Quarta-feira;Sessão 1;Manhã;09:20;Ciências Exatas;PA-05;4;24ª - EAF;202625542;O Envelhecimento no Contexto Escolar: Contribuições do Projeto “sem Fronteiras: Ações Pedagógicas na Educação Física para Pessoas Idosas”;ROSECLER VENDRUSCOLO;Educação;Comunicação Oral
Quarta-feira;Sessão 2;Manhã;10:30;Ciências da Terra;CT05;1;24ª - EAF;202625796;O Programa Licenciar e a Formação Docente no Ensino de Física: Reflexões Sobre a Prática Pedagógica em Projetos Investigativos;IVANILDA HIGA;Educação;Comunicação Oral
Quarta-feira;Sessão 2;Manhã;10:50;Ciências da Terra;CT05;2;24ª - EAF;202622816;Oprm – Olimpíada Paranaense de Matemática: Atraindo Talentos da Matemática no Paraná;JOSE CARLOS CORREA EIDAM;Educação;Comunicação Oral
Quarta-feira;Sessão 2;Manhã;11:10;Ciências da Terra;CT05;3;24ª - EAF;202625538;Os Benefícios das Brincadeiras Como Temática de Aula de Educação Física para Pessoas Idosas.;ROSECLER VENDRUSCOLO;Educação;Comunicação Oral
Quarta-feira;Sessão 2;Manhã;11:30;Ciências da Terra;CT05;4;24ª - EAF;202625953;Planejamento e Mediação de Oficinas Científicas para Diferentes Públicos na Formação de Licenciandos em Ciências Biológicas;FLAVIA SANT ANNA RIOS;Educação;Comunicação Oral
Quarta-feira;Sessão 1;Manhã;08:20;Ciências Exatas;PA-07;1;24ª - EAF;202622815;Poti/topmat - Inserindo o Estado do Paraná no Contexto das Competições Matemáticas;JOSE CARLOS CORREA EIDAM;Educação;Comunicação Oral
Quarta-feira;Sessão 2;Manhã;10:30;Ciências da Terra;CT06;1;24ª - EAF;202625633;Promovendo a Alfabetização Científica e Tecnológica nos Anos Finais do Ensino Fundamental;LEONIR LORENZETTI;Educação;Comunicação Oral
Quarta-feira;Sessão 1;Manhã;08:40;Ciências Exatas;PA-07;2;24ª - EAF;202625848;Saberes e Práticas da Educação Física Escolar: as Boas Práticas Educativas na Formação Docente;SERGIO ROBERTO CHAVES JUNIOR;Educação;Comunicação Oral
Quarta-feira;Sessão 1;Manhã;09:00;Ciências Exatas;PA-07;3;24ª - ENEC;202625462;Anatomia Patológica na Ufpr: Valorização do Acervo e Educação Científica;RAFAELA PIRES ERTHAL MICHELATO;Educação;Comunicação Oral
Quarta-feira;Sessão 1;Manhã;09:20;Ciências Exatas;PA-07;4;24ª - ENEC;202626019;Centro de Divulgação de Física 4;DIETMAR WILLIAM FORYTA;Educação;Comunicação Oral
Quarta-feira;Sessão 1;Manhã;08:20;Ciências Exatas;PA-08;1;24ª - ENEC;202625946;Ciência Interativa;FLAVIA SANT ANNA RIOS;Educação;Comunicação Oral
Quarta-feira;Sessão 1;Manhã;08:40;Ciências Exatas;PA-08;2;24ª - ENEC;202622969;Ensino e Aprendizagem de Línguas na Ufpr: Pesquisa, Extensão e Prestação de Serviços;ALISON ROBERTO GONCALVES;Educação;Comunicação Oral
Quarta-feira;Sessão 1;Manhã;09:00;Ciências Exatas;PA-08;3;24ª - ENEC;202626242;Laboratório Móvel de Educação Científica da Ufpr - Labmóvel Iii;RODRIGO ARANTES REIS;Educação;Comunicação Oral
Quarta-feira;Sessão 1;Manhã;09:20;Ciências Exatas;PA-08;4;24ª - ENEC;202625903;Laboratório de Paleontologia: Ações de Extensão;ROBSON TADEU BOLZON;Educação;Comunicação Oral
Quarta-feira;Sessão 2;Manhã;10:50;Ciências da Terra;CT06;2;24ª - ENEC;202623496;Produção de Modelos Didáticos e Simuladores por Tecnologias de Impressão 3d;MARIA FERNANDA PIOLI TORRES;Educação;Comunicação Oral
Quarta-feira;Sessão 1;Manhã;08:20;Ciências Exatas;PA-09;1;24ª - ENEC;202623397;Produção de Modelos Didáticos e Simuladores por Tecnologias de Impressão 3d;MARIA FERNANDA PIOLI TORRES;Educação;Comunicação Oral
Quarta-feira;Sessão 2;Manhã;11:10;Ciências da Terra;CT06;3;24ª - ENEC;202626234;Programa Interinstitucional de Ciência Cidadã na Escola (picce);RODRIGO ARANTES REIS;Educação;Comunicação Oral
Quarta-feira;Sessão 1;Manhã;08:40;Ciências Exatas;PA-09;2;24ª - ENEC;202625770;Rede de Apoio Às Minorias/mulheres na Engenharia;MARIA DO CARMO DUARTE FREITAS;Educação;Comunicação Oral
Quarta-feira;Sessão 3;Tarde;14:00;Ciências da Terra;CT05;1;24ª - ENEC;202626247;Rede de Divulgação Científica do Napi Paraná Faz Ciência;RODRIGO ARANTES REIS;Educação;Comunicação Oral
Quarta-feira;Sessão 1;Manhã;09:00;Ciências Exatas;PA-09;3;24ª - ENEC;202625863;Redegen: Conectando Genética, Ciência e Sociedade;LUCIANE VIATER TURECK;Educação;Comunicação Oral
Quarta-feira;Sessão 1;Manhã;09:20;Ciências Exatas;PA-09;4;24ª - ENEC;202625711;A Física e a Floresta: Desenvolvendo Saberes com Madeira;LUCIELI ROSSI;Educação;Comunicação Oral
Quarta-feira;Sessão 2;Manhã;11:30;Ciências da Terra;CT06;4;24ª - ENEC;202625459;A Matemática na Educação de Jovens Adultos e Idosos;CARLA CRISTINA POMPEU;Educação;Comunicação Oral
Quarta-feira;Sessão 3;Tarde;14:20;Ciências da Terra;CT05;2;24ª - ENEC;202625540;Adaptações Pedagógicas e as Diferentes Capacidades Físicas na Educação Física para Pessoas Idosas;ROSECLER VENDRUSCOLO;Educação;Comunicação Oral
Quarta-feira;Sessão 3;Tarde;14:40;Ciências da Terra;CT05;3;24ª - ENEC;202625951;Alvo;JOSE EDUARDO PECORA JUNIOR;Educação;Comunicação Oral
Quarta-feira;Sessão 4;Tarde;16:10;Ciências da Terra;CT03;1;24ª - ENEC;202626237;Amigos do Mcn: Parcerias Estratégicas para a Transformação Educacional no Museu de Ciências Naturais da Ufpr;RODRIGO ARANTES REIS;Educação;Comunicação Oral
Quarta-feira;Sessão 3;Tarde;15:00;Ciências da Terra;CT05;4;24ª - ENEC;202626239;Anatomia Patológica Virtual: Integração de Lâminas Histológicas e Mídias Digitais;RAFAELA PIRES ERTHAL MICHELATO;Educação;Comunicação Oral
Quarta-feira;Sessão 5;Noite;19:00;Ciências da Terra;CT03;1;24ª - ENEC;202625645;Ações de Divulgação Científica do Labmóvel;RODRIGO ARANTES REIS;Educação;Comunicação Oral
Quarta-feira;Sessão 4;Tarde;16:30;Ciências da Terra;CT03;2;24ª - ENEC;202622925;Bibliografia de Livros Infantojuvenis em Língua Portuguesa .;VERA LUCIA BELO CHAGAS;Educação;Comunicação Oral
Quarta-feira;Sessão 4;Tarde;16:50;Ciências da Terra;CT03;3;24ª - ENEC;202625688;Bioquímica Como Ferramenta de Integração da Química e Biologia no Ensino;GLAUCIA REGINA MARTINEZ;Educação;Comunicação Oral
Quarta-feira;Sessão 4;Tarde;17:10;Ciências da Terra;CT03;4;24ª - ENEC;202625586;Biotecnologia Florestal: Perspectivas Teóricas e Práticas;GIOVANA BOMFIM DE ALCANTARA;Educação;Comunicação Oral
Quarta-feira;Sessão 5;Noite;19:20;Ciências da Terra;CT03;2;24ª - ENEC;202626033;C7 nas Escolas;ANA FLAVIA LOCATELI GODOI;Educação;Comunicação Oral
Quarta-feira;Sessão 5;Noite;19:40;Ciências da Terra;CT03;3;24ª - ENEC;202626078;Caminhos Olímpicos na Matemática (com);PAULA ROGERIA LIMA COUTO;Educação;Comunicação Oral
Quarta-feira;Sessão 5;Noite;20:00;Ciências da Terra;CT03;4;24ª - ENEC;202626215;Centenário da Visita de Marie Curie Ao Brasil: Ações e Produtos de Divulgação Científica;CAMILA SILVEIRA DA SILVA;Educação;Comunicação Oral
Quarta-feira;Sessão 4;Tarde;16:10;Ciências da Terra;CT05;1;24ª - ENEC;202626130;Centro de Memória do Departamento de Educação Física da Ufpr: Preservando a Memória e Narrando Histórias.;VERA LUIZA MORO;Educação;Comunicação Oral
Quarta-feira;Sessão 4;Tarde;16:30;Ciências da Terra;CT05;2;24ª - ENEC;202625755;Cientista Sincero;KLEBER DAUM MACHADO;Educação;Comunicação Oral
Quarta-feira;Sessão 4;Tarde;16:50;Ciências da Terra;CT05;3;24ª - ENEC;202622989;Ciência de Dados para a Saúde Única: Inovações Analíticas e Capacitação Estatística na Gestão Municipal de Saúde;SILVIA EMIKO SHIMAKURA;Educação;Comunicação Oral
Quarta-feira;Sessão 4;Tarde;17:10;Ciências da Terra;CT05;4;24ª - ENEC;202626181;Coletivo Stim - o Movimento Autista na Ufpr;ADRIANA INES DE PAULA;Educação;Comunicação Oral
Quarta-feira;Sessão 2;Manhã;10:30;Ciências Exatas;PA-03;1;24ª - ENEC;202625752;Conhecendo a Ufpr: Divulgação Científica, Resgate de Identidades e Construção de Pertencimentos;ELAINE DE CACIA DE LIMA FRICK;Educação;Comunicação Oral
Quarta-feira;Sessão 2;Manhã;10:50;Ciências Exatas;PA-03;2;24ª - ENEC;202625712;Conhecer, Respeitar e Produzir Aves: Estudo do Esqueleto Apendicular de Calopsita;VANIA PAIS CABRAL CASTELO CAMPOS;Educação;Comunicação Oral
Quarta-feira;Sessão 3;Tarde;14:00;Ciências da Terra;CT06;1;24ª - ENEC;202625463;Conhecer, Respeitar e Produzir Aves: Estudo do Esqueleto Apendicular de Calopsita;VANIA PAIS CABRAL CASTELO CAMPOS;Educação;Comunicação Oral
Quarta-feira;Sessão 2;Manhã;11:10;Ciências Exatas;PA-03;3;24ª - ENEC;202622944;Conscientização dos Benefícios do Consumo de Carne de Origem Animal para a Saúde Humana;FABIANA ALVES DE ALMEIDA;Educação;Comunicação Oral
Quarta-feira;Sessão 2;Manhã;11:30;Ciências Exatas;PA-03;4;24ª - ENEC;202625524;Consolidaee: Consolidando os Conhecimentos Adquiridos em Engenharia Elétrica;LUIS SCHUARTZ;Educação;Comunicação Oral
Quarta-feira;Sessão 3;Tarde;14:20;Ciências da Terra;CT06;2;24ª - ENEC;202626281;Criatividade, Proatividade e Sustentabilidade na Engenharia Civil: Colaboração Discente;JOSE THOMAZ MENDES FILHO;Educação;Comunicação Oral
Quarta-feira;Sessão 3;Tarde;14:40;Ciências da Terra;CT06;3;24ª - ENEC;202625522;Desmistificar - Desvendando os Circuitos Integrados;LUIS SCHUARTZ;Educação;Comunicação Oral
Quarta-feira;Sessão 3;Tarde;15:00;Ciências da Terra;CT06;4;24ª - ENEC;202625653;Direitos Linguísticos no Mafro;JUDIT GOMES DA SILVA;Educação;Comunicação Oral
Quarta-feira;Sessão 2;Manhã;10:30;Ciências Exatas;PA-04;1;24ª - ENEC;202625832;Divulgação Científica da Geologia em Lares de Acolhimento;CARLOS CONFORTI FERREIRA GUEDES;Educação;Comunicação Oral
Quarta-feira;Sessão 2;Manhã;10:50;Ciências Exatas;PA-04;2;24ª - ENEC;202626361;Doecd- Desempenho Ocupacional de Estudantes com Deficiência;ADRIANA HESSEL DALAGASSA;Educação;Comunicação Oral
Quarta-feira;Sessão 2;Manhã;11:10;Ciências Exatas;PA-04;3;24ª - ENEC;202625507;Educação (linguística) Crítica;ANGELA MARIA HOFFMANN WALESKO;Educação;Comunicação Oral
Quarta-feira;Sessão 2;Manhã;11:30;Ciências Exatas;PA-04;4;24ª - ENEC;202626286;Eletrizar - 2026;WALDOMIRO SOARES YUAN;Educação;Comunicação Oral
Quarta-feira;Sessão 2;Manhã;10:30;Ciências Exatas;PA-05;1;24ª - ENEC;202625492;Ensino de Italiano Como Língua Estrangeira no Centro de Línguas e Interculturalidade (celin) da Ufpr;LUCIANA LANHI BALTHAZAR;Educação;Comunicação Oral
Quarta-feira;Sessão 2;Manhã;10:50;Ciências Exatas;PA-05;2;24ª - ENEC;202624307;Ensino de Português Como Língua Estrangeira (ple) no Centro de Línguas e Interculturalidade (celin) da Ufpr;POLLIANNA MILAN;Educação;Comunicação Oral
Quarta-feira;Sessão 3;Tarde;14:00;Ciências Exatas;PA-03;1;24ª - ENEC;202624324;Ensino de Português Como Língua Estrangeira e Adicional (ple/pla) na Rede Andifes Isf Ufpr 2024 - 2028;POLLIANNA MILAN;Educação;Comunicação Oral
Quarta-feira;Sessão 2;Manhã;11:10;Ciências Exatas;PA-05;3;24ª - ENEC;202626326;Escola de Matemática Aplicada e Computacional da Ufpr;ROBERTO RIBEIRO SANTOS JUNIOR;Educação;Comunicação Oral
Quarta-feira;Sessão 2;Manhã;11:30;Ciências Exatas;PA-05;4;24ª - ENEC;202626426;Escuta Ativa e Amorosa: Complexas Tessituras de Resiliência e Redes de Proteção Social;ELIANE CLEONICE ALVES PRECOMA;Educação;Comunicação Oral
Quarta-feira;Sessão 3;Tarde;14:20;Ciências Exatas;PA-03;2;24ª - ENEC;202625187;Estatística e Ciência de Dados no Cotidiano;SILVIA EMIKO SHIMAKURA;Educação;Comunicação Oral
Quarta-feira;Sessão 3;Tarde;14:40;Ciências Exatas;PA-03;3;24ª - ENEC;202625448;Estratégias Interativas na Educação em Solos e Ampliação do Alcance Extensionista da Exposição Didática da Ufpr;MARCELO RICARDO DE LIMA;Educação;Comunicação Oral
Quarta-feira;Sessão 3;Tarde;15:00;Ciências Exatas;PA-03;4;24ª - ENEC;202625634;Experimentando Ciência e Artes 2;HERBERT WINNISCHOFER;Educação;Comunicação Oral
Quinta-feira;Sessão 1;Manhã;08:20;Ciências da Terra;CT02;1;24ª - ENEC;202626250;Feira de Cultura Científica Paraná Faz Ciência;RODRIGO ARANTES REIS;Educação;Comunicação Oral
Quinta-feira;Sessão 1;Manhã;08:40;Ciências da Terra;CT02;2;24ª - ENEC;202625571;Fisiodivulgando: Iniciativas Didáticas para Aproximar a Fisiologia e a Saúde da Sociedade (2);ANA MARIA CALIMAN FILADELFI;Educação;Comunicação Oral
Quinta-feira;Sessão 1;Manhã;09:00;Ciências da Terra;CT02;3;24ª - ENEC;202626395;Fisiologia na Ufpr 2;BRUNO JACSON MARTYNHAK;Educação;Comunicação Oral
Quinta-feira;Sessão 1;Manhã;09:20;Ciências da Terra;CT02;4;24ª - ENEC;202625756;Fisique-se 2;KLEBER DAUM MACHADO;Educação;Comunicação Oral
Quarta-feira;Sessão 2;Manhã;10:30;Ciências Exatas;PA-07;1;24ª - ENEC;202626430;Fomentando a Procura e Mantendo o Interesse Pelo Curso de Engenharia Civil;AMANDA JAREK DE OLIVEIRA;Educação;Comunicação Oral
Quarta-feira;Sessão 2;Manhã;10:50;Ciências Exatas;PA-07;2;24ª - ENEC;202625563;Formação Docente em Língua Inglesa no Centro de Línguas e Interculturalidade (celin) da Universidade Federal do Paraná (ufpr);ALISON ROBERTO GONCALVES;Educação;Comunicação Oral
Quarta-feira;Sessão 2;Manhã;11:10;Ciências Exatas;PA-07;3;24ª - ENEC;202626057;Formação do Diretor Escolar: Democracia e Dimensões Pedagógica, Administrativa e Política;ANGELO RICARDO DE SOUZA;Educação;Comunicação Oral
Quarta-feira;Sessão 2;Manhã;11:30;Ciências Exatas;PA-07;4;24ª - ENEC;202625739;Futdelas Ufpr: Um Ambiente de Aprendizado Integrado para a Saúde das Crianças e Inclusão Social;ANDRE FELIPE CAREGNATO;Educação;Comunicação Oral
Quarta-feira;Sessão 2;Manhã;10:30;Ciências Exatas;PA-08;1;24ª - ENEC;202625894;Genética Fora da Caixa;FERNANDA FREITAS DE OLIVEIRA;Educação;Comunicação Oral
Quarta-feira;Sessão 2;Manhã;10:50;Ciências Exatas;PA-08;2;24ª - ENEC;202623280;Gramafone;LUANA DE CONTO;Educação;Comunicação Oral
Quarta-feira;Sessão 2;Manhã;11:10;Ciências Exatas;PA-08;3;24ª - ENEC;202625720;Histórias Sobre o Dellin: Memórias Sobre o Departamento de Literatura e Linguística;MIRIELLY FERRACA;Educação;Comunicação Oral
Quarta-feira;Sessão 2;Manhã;11:30;Ciências Exatas;PA-08;4;24ª - ENEC;202626391;Ictio-itinerante ><>;BARBARA MAICHAK DE CARVALHO;Educação;Comunicação Oral
Quarta-feira;Sessão 2;Manhã;10:30;Ciências Exatas;PA-09;1;24ª - ENEC;202624995;Laboratório Ufpr Makers;ADRIANO RODRIGUES DE MORAES;Educação;Comunicação Oral
Quarta-feira;Sessão 5;Noite;19:00;Ciências da Terra;CT05;1;24ª - ENEC;202626258;Laboratório de Criação de Canais Educacionais em História e Ensino de História;WILIAN CARLOS CIPRIANI BAROM;Educação;Comunicação Oral
Quarta-feira;Sessão 2;Manhã;10:50;Ciências Exatas;PA-09;2;24ª - ENEC;202626265;Laboratório de Políticas de Educação Profissional e Tecnológica - Lab Ept;CLECI KORBES;Educação;Comunicação Oral
Quarta-feira;Sessão 2;Manhã;11:10;Ciências Exatas;PA-09;3;24ª - ENEC;202625782;Lazer, Educação e Saúde;CINTHIA LOPES DA SILVA;Educação;Comunicação Oral
Quarta-feira;Sessão 2;Manhã;11:30;Ciências Exatas;PA-09;4;24ª - ENEC;202626139;Littéramonde - Literatura Mundo em Francês 2025-2028;VIVIANE ARAUJO ALVES DA COSTA PEREIRA;Educação;Comunicação Oral
Quarta-feira;Sessão 5;Noite;19:20;Ciências da Terra;CT05;2;24ª - ENEC;202626001;Memórias Matemáticas;ELISANGELA DE CAMPOS;Educação;Comunicação Oral
Quarta-feira;Sessão 5;Noite;19:40;Ciências da Terra;CT05;3;24ª - ENEC;202626414;Museu e Comunidade no Litoral do Paraná: Práticas de Educação Museal do Mae-ufpr;WALESKA DEMBISKI PAPOULIAS;Educação;Comunicação Oral
Quarta-feira;Sessão 5;Noite;20:00;Ciências da Terra;CT05;4;24ª - ENEC;202626410;Neurofisiologia Essencial - Desvendando o Sistema Nervoso;LUANA FISCHER;Educação;Comunicação Oral
Quarta-feira;Sessão 3;Tarde;14:00;Ciências Exatas;PA-04;1;24ª - ENEC;202625598;O Direito À Educação: Políticas Educacionais para Quem Tem Direito, para Quem Garante o Direito;CLAUDIA REGINA BAUKAT SILVEIRA MOREIRA;Educação;Comunicação Oral
Quarta-feira;Sessão 3;Tarde;14:20;Ciências Exatas;PA-04;2;24ª - ENEC;202626397;O Nap-ufpr Como Espaço de Formação Docente;ALESSANDRA COUTINHO FERNANDES;Educação;Comunicação Oral
Quarta-feira;Sessão 3;Tarde;14:40;Ciências Exatas;PA-04;3;24ª - ENEC;202625464;Oprm - Olimpíada Paranaense de Matemática;JOSE CARLOS CORREA EIDAM;Educação;Comunicação Oral
Quarta-feira;Sessão 3;Tarde;15:00;Ciências Exatas;PA-04;4;24ª - ENEC;202623699;Organização do Trabalho Pedagógico na Contemporaneidade;RENATA RIVA FINATTI;Educação;Comunicação Oral
Quarta-feira;Sessão 3;Tarde;14:00;Ciências Exatas;PA-05;1;24ª - ENEC;202626085;Ovo no Alvo: Ensino, Estudo e Transferência de Experiências;FABIO MARCELO BREUNIG;Educação;Comunicação Oral
Quarta-feira;Sessão 3;Tarde;14:20;Ciências Exatas;PA-05;2;24ª - ENEC;202625676;Paleontologia: o Que os Fósseis Têm para nos Contar? - Fase 2;CRISTINA SILVEIRA VEGA;Educação;Comunicação Oral
Quarta-feira;Sessão 3;Tarde;14:40;Ciências Exatas;PA-05;3;24ª - ENEC;202624528;Pbmih - Português Brasileiro para Migração Humanitária 2024-2028;JOAO ARTHUR PUGSLEY GRAHL;Educação;Comunicação Oral
Quarta-feira;Sessão 3;Tarde;15:00;Ciências Exatas;PA-05;4;24ª - ENEC;202625747;Pedagogia do Esporte na Comunidade;ANDRE FELIPE CAREGNATO;Educação;Comunicação Oral
Quarta-feira;Sessão 3;Tarde;14:00;Ciências Exatas;PA-07;1;24ª - ENEC;202626050;Pequenos Cientistas do Mundo (2a Edição);SHEILA MARIA BROCHADO WINNISCHOFER;Educação;Comunicação Oral
Quarta-feira;Sessão 3;Tarde;14:20;Ciências Exatas;PA-07;2;24ª - ENEC;202625736;Plantas Fósseis na Escola;ROBSON TADEU BOLZON;Educação;Comunicação Oral
Quarta-feira;Sessão 3;Tarde;14:40;Ciências Exatas;PA-07;3;24ª - ENEC;202625820;Por Dentro da Economia;LUIS CLAUDIO KRAJEVSKI;Educação;Comunicação Oral
Quarta-feira;Sessão 4;Tarde;16:10;Ciências da Terra;CT06;1;24ª - ENEC;202625465;Poti/topmat - Programa de Formação em Matemática Olímpica da Ufpr;JOSE CARLOS CORREA EIDAM;Educação;Comunicação Oral
Quarta-feira;Sessão 3;Tarde;15:00;Ciências Exatas;PA-07;4;24ª - ENEC;202625878;Praticando Ciência;LUCIANE VIATER TURECK;Educação;Comunicação Oral
Quarta-feira;Sessão 4;Tarde;16:30;Ciências da Terra;CT06;2;24ª - ENEC;202624636;Prevenção de Crianças e Adolescentes Contra Violência On-line- Segunda Edição do Proteca;ELENICE MARA MATOS NOVAK;Educação;Comunicação Oral
Quarta-feira;Sessão 4;Tarde;16:50;Ciências da Terra;CT06;3;24ª - ENEC;202625518;Proexper - Propiciando Aulas Experimentais em Escolas Públicas;MABEL KARINA ARANTES ALVES;Educação;Comunicação Oral
Quarta-feira;Sessão 4;Tarde;17:10;Ciências da Terra;CT06;4;24ª - ENEC;202626021;Projeto Astro: Divulgação e Observações em Astronomia 4;DIETMAR WILLIAM FORYTA;Educação;Comunicação Oral
Quarta-feira;Sessão 3;Tarde;14:00;Ciências Exatas;PA-08;1;24ª - ENEC;202624225;Projeto Conecte-se;SAMMUEL FELIPE CHAGAS DE SOUZA;Educação;Comunicação Oral
Quarta-feira;Sessão 3;Tarde;14:20;Ciências Exatas;PA-08;2;24ª - ENEC;202626176;Projeto Disseminando Conhecimento - 2026;VITOR RENAN DA SILVA;Educação;Comunicação Oral
Quarta-feira;Sessão 3;Tarde;14:40;Ciências Exatas;PA-08;3;24ª - ENEC;202623839;Projeto Nimbus: a Estação Meteorológica Como Ferramenta para Ensino, Pesquisa e Extensão;PEDRO AUGUSTO BREDA FONTAO;Educação;Comunicação Oral
Quarta-feira;Sessão 3;Tarde;15:00;Ciências Exatas;PA-08;4;24ª - ENEC;202623528;Projeto de Extensão de Gestão da Informação (pegi);JOSE MARCELO ALMEIDA PRADO CESTARI;Educação;Comunicação Oral
Quarta-feira;Sessão 3;Tarde;14:00;Ciências Exatas;PA-09;1;24ª - ENEC;202625784;Práticas Corporais Integrativas no Âmbito do Lazer;CINTHIA LOPES DA SILVA;Educação;Comunicação Oral
Quarta-feira;Sessão 3;Tarde;14:20;Ciências Exatas;PA-09;2;24ª - ENEC;202625728;Química Divulga;LAURO CAMARGO DIAS JUNIOR;Educação;Comunicação Oral
Quarta-feira;Sessão 3;Tarde;14:40;Ciências Exatas;PA-09;3;24ª - ENEC;202626131;Química com História no Museu;JULIETE SILVA NEVES;Educação;Comunicação Oral
Quarta-feira;Sessão 3;Tarde;15:00;Ciências Exatas;PA-09;4;24ª - ENEC;202625576;Química na Prática - 3a Edição;LILIANA MICARONI;Educação;Comunicação Oral
Quarta-feira;Sessão 4;Tarde;16:10;Ciências Exatas;PA-03;1;24ª - ENEC;202625476;Rede Andifes Isf - Inglês na Ufpr;CRISTINA CARDOSO;Educação;Comunicação Oral
Quinta-feira;Sessão 2;Manhã;10:30;Ciências da Terra;CT02;1;24ª - ENEC;202626246;Rede de Clubes Paraná Faz Ciência;RODRIGO ARANTES REIS;Educação;Comunicação Oral
Quarta-feira;Sessão 4;Tarde;16:30;Ciências Exatas;PA-03;2;24ª - ENEC;202626411;Simplifica Ufpr - Minutos de Ciência;LUANA FISCHER;Educação;Comunicação Oral
Quarta-feira;Sessão 4;Tarde;16:50;Ciências Exatas;PA-03;3;24ª - ENEC;202625661;Teachers Across Borders Ufpr: Critical-collaborative Language Education;ANGELA MARIA HOFFMANN WALESKO;Educação;Comunicação Oral
Quarta-feira;Sessão 4;Tarde;17:10;Ciências Exatas;PA-03;4;24ª - ENEC;202626041;Trânsito e Cidadania - Etapa 4;ALESSANDRA SANT ANNA BIANCHI;Educação;Comunicação Oral
Quinta-feira;Sessão 2;Manhã;10:50;Ciências da Terra;CT02;2;24ª - ENEC;202626277;Turris: Continuação do Projeto Prospecção e Implementação de Novas Atividades/oportunidades para o Desenvolvimento Socioeconômico da Comunidade do Bonfim.;CRISTINE RODRIGUES;Educação;Comunicação Oral
Quinta-feira;Sessão 2;Manhã;11:10;Ciências da Terra;CT02;3;24ª - ENEC;202623722;Técnicas Aplicadas À Pesquisa Acadêmica: Práticas e Vivências na Biblioteca de Ciências da Saúde/botânico (sibi/sb);JOSEFINA APARECIDA SOARES GUEDES;Educação;Comunicação Oral
Quinta-feira;Sessão 2;Manhã;11:30;Ciências da Terra;CT02;4;24ª - ENEC;202626058;Ufpr Open Academy;JULIANA DA SILVA PASSOS;Educação;Comunicação Oral
Quarta-feira;Sessão 4;Tarde;16:10;Ciências Exatas;PA-04;1;24ª - ENEC;202625942;Ufpr Steam - Resgatando Vínculos com a Comunidade Através da Promoção da Cultura Steam.;JANAINA SCHOEFFEL BRODZINSKI;Educação;Comunicação Oral
Quarta-feira;Sessão 4;Tarde;16:30;Ciências Exatas;PA-04;2;24ª - ENEC;202625872;Ufpr por Um Dia;LUCIANE VIATER TURECK;Educação;Comunicação Oral
Quarta-feira;Sessão 4;Tarde;16:50;Ciências Exatas;PA-04;3;24ª - ENEC;202624407;Um Convite À Matemática Feita na Ufpr;GISELE TEIXEIRA PAULA;Educação;Comunicação Oral
Quarta-feira;Sessão 4;Tarde;17:10;Ciências Exatas;PA-04;4;24ª - ENEC;202625836;Universidade Inclusiva: Novos Olhares Sobre o Perfil Discente;JULIANA CRESPO LOPES;Educação;Comunicação Oral
Quarta-feira;Sessão 4;Tarde;16:10;Ciências Exatas;PA-05;1;24ª - ENEC;202625477;Universidade na Escola: a Universidade Ao Alcance de Todos;TAIS CAROLINE CABRAL;Educação;Comunicação Oral
Quarta-feira;Sessão 4;Tarde;16:30;Ciências Exatas;PA-05;2;24ª - ENEC;202625918;Univertur - Conheça a Univercidade;MARGARETE ARAUJO TELES;Educação;Comunicação Oral
Quinta-feira;Sessão 3;Tarde;14:00;Ciências da Terra;CT02;1;24ª - ENEC;202626223;Vida em Exibição: Expansão dos Terrários, Aquários e Criação de Borboletário no Museu de Ciências Naturais da Ufpr;RODRIGO ARANTES REIS;Educação;Comunicação Oral
Quarta-feira;Sessão 4;Tarde;16:50;Ciências Exatas;PA-05;3;24ª - ENEC;202625596;“entre Corpos: Práticas Corporais Contemporâneas na Formação Intergeracional e Interinstitucional”;MICHAELA CAMARGO;Educação;Comunicação Oral
Quarta-feira;Sessão 4;Tarde;17:10;Ciências Exatas;PA-05;4;7ª - EDISPE;202625668;A Inclusão das Pessoas com Deficiência na Educação Básica;ROSANGELA GEHRKE;Educação;Comunicação Oral
Quinta-feira;Sessão 3;Tarde;14:20;Ciências da Terra;CT02;2;7ª - EDISPE;202625847;A Permanência de Estudantes Indígenas na Medicina da Ufpr: Uma Articulação Entre Norte e Sul do Brasil (continuação da Pesquisa);CARINA CATIANA FOPPA;Educação;Comunicação Oral
Quinta-feira;Sessão 3;Tarde;14:40;Ciências da Terra;CT02;3;7ª - EDISPE;202626137;Análise dos Documentos Oficiais das Pessoas com Deficiências;ROSANGELA GEHRKE;Educação;Comunicação Oral
Quinta-feira;Sessão 3;Tarde;15:00;Ciências da Terra;CT02;4;7ª - EDISPE;202625769;Apoio as Ações da Rede de Apoio Às Minorias/mulheres na Engenharia;MARIA DO CARMO DUARTE FREITAS;Educação;Comunicação Oral
Quarta-feira;Sessão 5;Noite;19:00;Ciências da Terra;CT06;1;7ª - EDISPE;202626189;Atividade Física Adaptada/proafe;ADRIANA INES DE PAULA;Educação;Comunicação Oral
Quarta-feira;Sessão 5;Noite;19:20;Ciências da Terra;CT06;2;7ª - EDISPE;202626296;Colegas de Estudo Indígenas: Apoio Psicoeducacional Entre Universitários;FRANCINE ROCHA;Educação;Comunicação Oral
Quarta-feira;Sessão 4;Tarde;16:10;Ciências Exatas;PA-07;1;7ª - EDISPE;202626297;Contribuições do Esporte para a Saúde Mental de Universitários Indígenas e Reflexos na Persistência na Permanência na Universidade;FRANCINE ROCHA;Educação;Comunicação Oral
Quarta-feira;Sessão 4;Tarde;16:30;Ciências Exatas;PA-07;2;7ª - EDISPE;202623709;Divulgação Científica e Representatividade na Óptica e Fotônica;EMERSON CRISTIANO BARBANO;Educação;Comunicação Oral
Quarta-feira;Sessão 4;Tarde;16:50;Ciências Exatas;PA-07;3;7ª - EDISPE;202626360;Doecd- Desempenho Ocupacional de Estudantes com Deficiência;ADRIANA HESSEL DALAGASSA;Educação;Comunicação Oral
Quarta-feira;Sessão 4;Tarde;17:10;Ciências Exatas;PA-07;4;7ª - EDISPE;202623001;Ecogym: Educação, Diversidade e Inclusão para Uma Ginástica para Toda Vida;LETICIA BARTHOLOMEU DE QUEIROZ LIMA;Educação;Comunicação Oral
Quarta-feira;Sessão 5;Noite;19:40;Ciências da Terra;CT06;3;7ª - EDISPE;202623671;Entre Asas e Antenas;ANDRESSA PALADINI;Educação;Comunicação Oral
Quarta-feira;Sessão 5;Noite;20:00;Ciências da Terra;CT06;4;7ª - EDISPE;202623530;Experiência Pedagógica com Slackline na Colônia de Férias e Comunidade da Ufpr;CINTHIA LOPES DA SILVA;Educação;Comunicação Oral
Quarta-feira;Sessão 4;Tarde;16:10;Ciências Exatas;PA-08;1;7ª - EDISPE;202623135;História dos Surdos e das Surdas em Curitiba: Escola Epheta;DANILO DA SILVA KNAPIK;Educação;Comunicação Oral
Quarta-feira;Sessão 5;Noite;19:00;Ciências Exatas;PA-03;1;7ª - EDISPE;202623132;História dos Surdos e das Surdas em Curitiba: Escola Epheta;DANILO DA SILVA KNAPIK;Educação;Comunicação Oral
Quarta-feira;Sessão 4;Tarde;16:30;Ciências Exatas;PA-08;2;7ª - EDISPE;202625916;Histórias Docentes e Suas Práticas de Enfrentamento Às Violências;BRUNA MORAES BATTISTELLI;Educação;Comunicação Oral
Quarta-feira;Sessão 5;Noite;19:20;Ciências Exatas;PA-03;2;7ª - EDISPE;202625909;Histórias de Cuidado na Educação Básica;BRUNA MORAES BATTISTELLI;Educação;Comunicação Oral
Quarta-feira;Sessão 4;Tarde;16:50;Ciências Exatas;PA-08;3;7ª - EDISPE;202626133;Littéramonde: Literatura-mundo em Francês;VIVIANE ARAUJO ALVES DA COSTA PEREIRA;Educação;Comunicação Oral
Quarta-feira;Sessão 5;Noite;19:40;Ciências Exatas;PA-03;3;7ª - EDISPE;202626123;Littéramonde: Literatura-mundo em Francês.;VIVIANE ARAUJO ALVES DA COSTA PEREIRA;Educação;Comunicação Oral
Quarta-feira;Sessão 4;Tarde;17:10;Ciências Exatas;PA-08;4;7ª - EDISPE;202623101;Produção de Modelos Didáticos por Tecnologias de Modelagem e Impressão 3d;MARIA FERNANDA PIOLI TORRES;Educação;Comunicação Oral
Quinta-feira;Sessão 1;Manhã;08:20;Ciências da Terra;CT03;1;7ª - EDISPE;202626190;Projeto de Extensão Atividade Física Adaptada/proafa;ADRIANA INES DE PAULA;Educação;Comunicação Oral
Quinta-feira;Sessão 2;Manhã;10:30;Ciências da Terra;CT03;1;7ª - EDISPE;202626183;Projeto de Extensão Atividade Física Adaptada/proafa;ADRIANA INES DE PAULA;Educação;Comunicação Oral
Quarta-feira;Sessão 5;Noite;20:00;Ciências Exatas;PA-03;4;7ª - EDISPE;202625871;Raízes do Lazer: Envelhecer e Bem-viver nas Tradições Indígenas;CARINA CATIANA FOPPA;Educação;Comunicação Oral
Quinta-feira;Sessão 1;Manhã;08:40;Ciências da Terra;CT03;2;7ª - EDISPE;202625867;Resistência do Poder Feminino Contra a Violência de Gênero;NELSON ROSARIO DE SOUZA;Educação;Comunicação Oral
Quinta-feira;Sessão 1;Manhã;09:00;Ciências da Terra;CT03;3;7ª - EDISPE;202623521;Slackline na Colônia de Férias e na Comunidade da Ufpr;CINTHIA LOPES DA SILVA;Educação;Comunicação Oral
Quinta-feira;Sessão 1;Manhã;09:20;Ciências da Terra;CT03;4;7ª - EDISPE;202626210;Tornando o Fibra Acessível para Pessoas com Deficiência Visual;IGOR KONIECZNIAK;Educação;Comunicação Oral
Quinta-feira;Sessão 2;Manhã;10:50;Ciências da Terra;CT03;2;7ª - EDISPE;202625813;Ufpr Seu Lugar;MARCOS ROGERIO DOS SANTOS;Educação;Comunicação Oral
Quinta-feira;Sessão 2;Manhã;11:10;Ciências da Terra;CT03;3;7ª - EDISPE;202626151;Universidade para Quem?;SILVIA MARIA AMORIM LIMA;Educação;Comunicação Oral
Quarta-feira;Sessão 4;Tarde;16:10;Ciências Exatas;PA-09;1;7ª - EDISPE;202626150;Universidade para Quem?;SILVIA MARIA AMORIM LIMA;Educação;Comunicação Oral
Quarta-feira;Sessão 4;Tarde;16:30;Ciências Exatas;PA-09;2;7ª - EDISPE;202623510;Validação dos Modelos Didáticos 2 D e 3 D e dos Textos Multilíngues e Narrados (audiodescrição) Produzidos para Áárea Biológica.;CELIA REGINA CAVICHIOLO FRANCO;Educação;Comunicação Oral
Segunda-feira;Sessão 3;Tarde;15:00;Ciências Exatas;PA-05;4;24ª - EAF;202626172;Análise Palinológica de Sedimentos Superficiais no Manguezal em Paranaguá (pr);LIDIA AUMOND KUHN;Meio Ambiente;Comunicação Oral
Quarta-feira;Sessão 5;Noite;19:00;Ciências Exatas;PA-04;1;24ª - EAF;202625111;Pegada de Carbono na Computação;LUIZ CARLOS PESSOA ALBINI;Meio Ambiente;Comunicação Oral
Quarta-feira;Sessão 5;Noite;19:20;Ciências Exatas;PA-04;2;24ª - EAF;202626199;Projeto Meio Ambiente: Unidas e Unidos na Preservaçao por Um Futuro Melhor;VITOR RENAN DA SILVA;Meio Ambiente;Comunicação Oral
Quarta-feira;Sessão 5;Noite;19:40;Ciências Exatas;PA-04;3;24ª - EAF;202625604;Desafios da Educação Socioambiental Decolonial no Pibid Interdisciplinar/ufpr com o Colégio Estadual do Paraná;YANINA MICAELA SAMMARCO;Meio Ambiente;Comunicação Oral
Quinta-feira;Sessão 1;Manhã;08:20;Ciências da Terra;CT05;1;24ª - EAF;202625605;Jardim Yorubá Como Prática Ecopedagógica no Pibid Interdisciplinar/ufpr com o C.e. Leôncio Correia;YANINA MICAELA SAMMARCO;Meio Ambiente;Comunicação Oral
Quinta-feira;Sessão 2;Manhã;10:30;Ciências da Terra;CT05;1;24ª - EAF;202625602;O Chão da Floresta: Construção de Uma Composteira Natural Produzida Pelo Pibid Interdisciplinar no Colégio Estadual Pilar Maturana - Curitiba/pr;YANINA MICAELA SAMMARCO;Meio Ambiente;Comunicação Oral
Quarta-feira;Sessão 5;Noite;20:00;Ciências Exatas;PA-04;4;24ª - EAF;202625911;Pibid Geografia e a Conscientização Sobre o Uso da Água no Ambiente Escolar;KARINA ROUSSENG DAL PONT;Meio Ambiente;Comunicação Oral
Quinta-feira;Sessão 3;Tarde;14:00;Ciências da Terra;CT03;1;24ª - EAF;202625597;Pibid Interdisciplinar no Colégio Estadual Pilar Maturana - Curitiba/pr: Educação Socioambiental por Meio de Uma Horta Ecopedagógica.;YANINA MICAELA SAMMARCO;Meio Ambiente;Comunicação Oral
Quinta-feira;Sessão 4;Tarde;16:10;Ciências da Terra;CT02;1;24ª - EAF;202625608;Pibid Interdisciplinar/ufpr no Colégio Estadual do Paraná: a Reciclagem Convertida em Ações Sociais;YANINA MICAELA SAMMARCO;Meio Ambiente;Comunicação Oral
Quinta-feira;Sessão 1;Manhã;08:40;Ciências da Terra;CT05;2;24ª - EAF;202625478;Aplicação de Técnicas de Sensoriamento Remoto na Identificação de Assinaturas Geomorfométricas de Escorregamentos na Bacia do Rio Jacareí - Pr;ELAINE DE CACIA DE LIMA FRICK;Meio Ambiente;Comunicação Oral
Quinta-feira;Sessão 1;Manhã;09:00;Ciências da Terra;CT05;3;24ª - EAF;202623272;Capacidade de Resiliência Hídrica em Floresta Urbana;LUARA CASTILHO BALBINOT;Meio Ambiente;Comunicação Oral
Quinta-feira;Sessão 1;Manhã;09:20;Ciências da Terra;CT05;4;24ª - EAF;202625531;Contribuição do Voluntariado Acadêmico na Pesquisa Voltada À Propagação de Espécies Florestais Nativas;DAGMA KRATZ;Meio Ambiente;Comunicação Oral
Quinta-feira;Sessão 2;Manhã;10:50;Ciências da Terra;CT05;2;24ª - EAF;202626036;Diversidade e Distribuição de Algumas Diatomáceas (bacillariophyta) na Plataforma Sudeste-sul do Brasil (2019);LUCIANO FELICIO FERNANDES;Meio Ambiente;Comunicação Oral
Quinta-feira;Sessão 2;Manhã;11:10;Ciências da Terra;CT05;3;24ª - EAF;202625698;Morfodinâmica e Ajustes Planimétricos de Um Curso D’água na Transição Entre a Serra do Mar e o Litoral Paranaense: o Rio Cachoeira Entre 2008 e 2024;MICHAEL VINICIUS DE SORDI;Meio Ambiente;Comunicação Oral
Quinta-feira;Sessão 3;Tarde;14:20;Ciências da Terra;CT03;2;24ª - EAF;202625696;O Rio Barigui em Curitiba (pr) e os Limites dos Ajustes Morfodinâmicos de Um Curso D’água Profundamente Antropizado;MICHAEL VINICIUS DE SORDI;Meio Ambiente;Comunicação Oral
Quinta-feira;Sessão 2;Manhã;11:30;Ciências da Terra;CT05;4;24ª - EAF;202624449;Resiliência Urbana e Mudanças Climáticas: Um Estudo de Caso Sobre as Obras de Macrodrenagem na Bacia do Rio Pinheirinho, Curitiba/pr;DANIEL HENRIQUE MARCO DETZEL;Meio Ambiente;Comunicação Oral
Quinta-feira;Sessão 3;Tarde;14:40;Ciências da Terra;CT03;3;24ª - EAF;202625883;A Percepção Socioambiental de Jovens Sobre Um Rio Urbano: Vivências e Aprendizagens Geográficas na Bacia do Ribeirão dos Padilha, Curitiba-pr;ELAINE DE CACIA DE LIMA FRICK;Meio Ambiente;Comunicação Oral
Quinta-feira;Sessão 3;Tarde;15:00;Ciências da Terra;CT03;4;24ª - EAF;202625582;Formação Docente no Contexto das Novas Resoluções da Educação Física e a Educação Ambiental;SORAYA CORREA DOMINGUES;Meio Ambiente;Comunicação Oral
Quinta-feira;Sessão 4;Tarde;16:30;Ciências da Terra;CT02;2;24ª - EAF;202625880;Território e Aprendizagem: Formação Continuada Docente na Alfabetização Socioambiental e na Leitura da Paisagem de Colombo-pr;ELAINE DE CACIA DE LIMA FRICK;Meio Ambiente;Comunicação Oral
Quinta-feira;Sessão 4;Tarde;16:50;Ciências da Terra;CT02;3;24ª - ENEC;202626383;Gegeo - Grupo de Estudos em Geotecnia;ROBERTA BOMFIM BOSZCZOWSKI;Meio Ambiente;Comunicação Oral
Quinta-feira;Sessão 4;Tarde;17:10;Ciências da Terra;CT02;4;24ª - ENEC;202626311;Programa Ciclovida - Fase Ii;JOSE CARLOS ASSUNCAO BELOTTO;Meio Ambiente;Comunicação Oral
Quarta-feira;Sessão 5;Noite;19:00;Ciências Exatas;PA-05;1;24ª - ENEC;202625862;Programa Água & Ação;REGINA TIEMY KISHI;Meio Ambiente;Comunicação Oral
Quarta-feira;Sessão 5;Noite;19:20;Ciências Exatas;PA-05;2;24ª - ENEC;202625789;A Floresta e os Serviços Ambientais: Vivências na Estação Experimental Florestal de Rio Negro (2a. Edição);RICHARDSON RIBEIRO;Meio Ambiente;Comunicação Oral
Quarta-feira;Sessão 5;Noite;19:40;Ciências Exatas;PA-05;3;24ª - ENEC;202625102;Agroecologia e Produção Orgânica: Conectando Extensão, Ensino e Pesquisa;MOACIR ROBERTO DAROLT;Meio Ambiente;Comunicação Oral
Quarta-feira;Sessão 5;Noite;20:00;Ciências Exatas;PA-05;4;24ª - ENEC;202623467;Bife Sem Bicho: Conhecendo a Carne, Ovos, Leite e Derivados Sem Sofrimento e Morte de Animais;CARLA FORTE MAIOLINO MOLENTO;Meio Ambiente;Comunicação Oral
Quarta-feira;Sessão 5;Noite;19:00;Ciências Exatas;PA-07;1;24ª - ENEC;202625792;Bioinsumos: da Teoria a Prática;AFONSO TAKAO MURATA;Meio Ambiente;Comunicação Oral
Quarta-feira;Sessão 5;Noite;19:20;Ciências Exatas;PA-07;2;24ª - ENEC;202624141;Caminhos de Curitiba: Avaliação e Promoção da Caminhabilidade Alinhada Aos Ods;JOICE CRISTINI KURITZA DENCK GONCALVES;Meio Ambiente;Comunicação Oral
Quarta-feira;Sessão 5;Noite;19:40;Ciências Exatas;PA-07;3;24ª - ENEC;202625479;Catalisa;ELISA SOUZA ORTH;Meio Ambiente;Comunicação Oral
Quinta-feira;Sessão 1;Manhã;08:20;Ciências da Terra;CT06;1;24ª - ENEC;202625787;Centro de Ensino, Pesquisa e Extensão (cepea) - Fase 2;AFONSO TAKAO MURATA;Meio Ambiente;Comunicação Oral
Quarta-feira;Sessão 5;Noite;20:00;Ciências Exatas;PA-07;4;24ª - ENEC;202626359;Desafio Intermodal Fase Iii;SILVANA NAKAMORI BELOTTO;Meio Ambiente;Comunicação Oral
Quinta-feira;Sessão 1;Manhã;08:40;Ciências da Terra;CT06;2;24ª - ENEC;202625469;Dgss - Design Gráfico Studio para Sustentabilidade.;CAROLINA CALOMENO MACHADO;Meio Ambiente;Comunicação Oral
Quinta-feira;Sessão 1;Manhã;09:00;Ciências da Terra;CT06;3;24ª - ENEC;202623004;Educação em Saúde Ambiental - 2a Edição;CRISTIANE DA SILVA PAULA DE OLIVEIRA;Meio Ambiente;Comunicação Oral
Quinta-feira;Sessão 1;Manhã;09:20;Ciências da Terra;CT06;4;24ª - ENEC;202626409;Ekoa - Semear Direitos e Agroecologias;KATYA REGINA ISAGUIRRE-TORRES;Meio Ambiente;Comunicação Oral
Quinta-feira;Sessão 1;Manhã;08:20;Ciências Exatas;PA-03;1;24ª - ENEC;202625600;Engenharia Ambiental para Todos;ANA FLAVIA LOCATELI GODOI;Meio Ambiente;Comunicação Oral
Quinta-feira;Sessão 1;Manhã;08:40;Ciências Exatas;PA-03;2;24ª - ENEC;202626339;Espaços de Convivência para Estudo, Lazer e Saúde - Ecels;KAREN JULIANA DO AMARAL;Meio Ambiente;Comunicação Oral
Quarta-feira;Sessão 5;Noite;19:00;Ciências Exatas;PA-08;1;24ª - ENEC;202625905;Extensão e Tecnologia na Produção de Sementes e Mudas Florestais;DAGMA KRATZ;Meio Ambiente;Comunicação Oral
Quarta-feira;Sessão 5;Noite;19:20;Ciências Exatas;PA-08;2;24ª - ENEC;202626389;Feiras de Produtos Orgânicos: Apoio Ao Desenvolvimento de Agriculturas de Base Ecológica. 4ª Edição.;LUCIANO DE ALMEIDA;Meio Ambiente;Comunicação Oral
Quarta-feira;Sessão 5;Noite;19:40;Ciências Exatas;PA-08;3;24ª - ENEC;202625692;Floresta-escola – 5a Edição;ANGELINE MARTINI;Meio Ambiente;Comunicação Oral
Quinta-feira;Sessão 1;Manhã;09:00;Ciências Exatas;PA-03;3;24ª - ENEC;202625869;Foco em Ação: Educação Ambiental e Divulgação Científica Sobre Água;REGINA TIEMY KISHI;Meio Ambiente;Comunicação Oral
Quarta-feira;Sessão 5;Noite;20:00;Ciências Exatas;PA-08;4;24ª - ENEC;202624847;Frágilmar. - Fragilidade do Ecossistema Antártico: Ação Humana e Biodiversidade;LUCELIA DONATTI;Meio Ambiente;Comunicação Oral
Quinta-feira;Sessão 1;Manhã;09:20;Ciências Exatas;PA-03;4;24ª - ENEC;202625972;Ge3hidro: Grupo de Estudos, Ensino e Extensão em Hidrologia;DANIEL HENRIQUE MARCO DETZEL;Meio Ambiente;Comunicação Oral
Quarta-feira;Sessão 5;Noite;19:00;Ciências Exatas;PA-09;1;24ª - ENEC;202625750;Geografando: a Ufpr nos Municípios Paranaenses;ELAINE DE CACIA DE LIMA FRICK;Meio Ambiente;Comunicação Oral
Quarta-feira;Sessão 5;Noite;19:20;Ciências Exatas;PA-09;2;24ª - ENEC;202626174;Geolitoral: Desenvolvimento Geoespacial e Capacitação Técnica no Litoral do Paraná;EDUARDO VEDOR DE PAULA;Meio Ambiente;Comunicação Oral
Quarta-feira;Sessão 5;Noite;19:40;Ciências Exatas;PA-09;3;24ª - ENEC;202626384;Geoprevenção.;ROBERTA BOMFIM BOSZCZOWSKI;Meio Ambiente;Comunicação Oral
Quarta-feira;Sessão 5;Noite;20:00;Ciências Exatas;PA-09;4;24ª - ENEC;202625514;Gestão, Avaliação e Tecnologia em Meio Ambiente - Gatma 3;MYRIAM LORENA MELGAREJO NAVARRO CERUTTI;Meio Ambiente;Comunicação Oral
Quinta-feira;Sessão 2;Manhã;10:30;Ciências da Terra;CT06;1;24ª - ENEC;202625877;Grupo de Ações Integradas em Água e Hidrologia - Gaiah;LUARA CASTILHO BALBINOT;Meio Ambiente;Comunicação Oral
Quinta-feira;Sessão 2;Manhã;10:50;Ciências da Terra;CT06;2;24ª - ENEC;202626000;Grupo de Pesquisa, Ensino e Extensão em Equideocultura - Grupeequi;RAFAEL HENRIQUE PRADO SILVA;Meio Ambiente;Comunicação Oral
Quinta-feira;Sessão 2;Manhã;11:10;Ciências da Terra;CT06;3;24ª - ENEC;202626276;Herbário Escola de Florestas Curitiba: Conhecer Plantas para Conservar a Biodiversidade - 2ª Edição;CHRISTOPHER THOMAS BLUM;Meio Ambiente;Comunicação Oral
Quinta-feira;Sessão 2;Manhã;11:30;Ciências da Terra;CT06;4;24ª - ENEC;202626415;Hidrogeologia com Ciência para a Sociedade (2025);CAMILA DE VASCONCELOS MULLER ATHAYDE;Meio Ambiente;Comunicação Oral
Quinta-feira;Sessão 2;Manhã;10:30;Ciências Exatas;PA-03;1;24ª - ENEC;202625467;Ilustre Botânica – Arte e a Ciência da Ilustração.;CAROLINA CALOMENO MACHADO;Meio Ambiente;Comunicação Oral
Quinta-feira;Sessão 2;Manhã;10:50;Ciências Exatas;PA-03;2;24ª - ENEC;202625679;Implantação de Hortas Medicinais e Aromáticas nas Escolas Públicas de Curitiba;CLEUSA BONA;Meio Ambiente;Comunicação Oral
Quinta-feira;Sessão 2;Manhã;11:10;Ciências Exatas;PA-03;3;24ª - ENEC;202625617;Infosustentação: Práticas Sustentáveis e Inovadoras em Gestão da Informação para a Transformação Socioambiental;GENILSON GERALDO;Meio Ambiente;Comunicação Oral
Quinta-feira;Sessão 2;Manhã;11:30;Ciências Exatas;PA-03;4;24ª - ENEC;202625804;Inovação, Sustentabilidade e Renda: Desafios de Um Agrossistema Alternativo para a Agricultura Familiar;VALDECI CONSTANTINO;Meio Ambiente;Comunicação Oral
Quinta-feira;Sessão 1;Manhã;08:20;Ciências Exatas;PA-04;1;24ª - ENEC;202623028;Jardim de Plantas Daninhas: Identificar para Manejar.;ARTHUR ARROBAS MARTINS BARROSO;Meio Ambiente;Comunicação Oral
Quinta-feira;Sessão 1;Manhã;08:40;Ciências Exatas;PA-04;2;24ª - ENEC;202626385;Mitigação de Riscos na Comunidade Vila Nova;LIAMARA PAGLIA SESTREM;Meio Ambiente;Comunicação Oral
Quinta-feira;Sessão 2;Manhã;10:30;Ciências Exatas;PA-04;1;24ª - ENEC;202625811;Monitoramento Participativo da Qualidade da Água;REGINA TIEMY KISHI;Meio Ambiente;Comunicação Oral
Quinta-feira;Sessão 1;Manhã;09:00;Ciências Exatas;PA-04;3;24ª - ENEC;202625774;Olha o Bicho! Monitoramento Participativo de Fauna Atropelada no Entorno de Unidades de Conservação Urbanas;FERNANDO DE CAMARGO PASSOS;Meio Ambiente;Comunicação Oral
Quinta-feira;Sessão 2;Manhã;10:50;Ciências Exatas;PA-04;2;24ª - ENEC;202623030;Plantas Daninhas e Herbicidas no Paraná: Caracterização e Manejo;ARTHUR ARROBAS MARTINS BARROSO;Meio Ambiente;Comunicação Oral
Quinta-feira;Sessão 1;Manhã;09:20;Ciências Exatas;PA-04;4;24ª - ENEC;202626341;Polinizando Saberes: a Meliponicultura no Ensino da Educação Ambiental;CLAUDINEI TABORDA DA SILVEIRA;Meio Ambiente;Comunicação Oral
Quinta-feira;Sessão 2;Manhã;11:10;Ciências Exatas;PA-04;3;24ª - ENEC;202624145;Posicionamento e Análise Ambiental por Sensoriamento Remoto em Projetos de Assentamentos (pas) do Incra no Pr;ELIAS FERNANDO BERRA;Meio Ambiente;Comunicação Oral
Quinta-feira;Sessão 2;Manhã;11:30;Ciências Exatas;PA-04;4;24ª - ENEC;202625989;Produção de Material Didático e Informativo Sobre a Criação e Manutenção de Animais Silvestres Mantidos Sob Cuidados Humanos;CHAYANE DA ROCHA;Meio Ambiente;Comunicação Oral
Quinta-feira;Sessão 1;Manhã;08:20;Ciências Exatas;PA-05;1;24ª - ENEC;202623558;Sisam - Sistema Integrado de Alertas Socioambientais;WILSON FLAVIO FELTRIM ROSEGHINI;Meio Ambiente;Comunicação Oral
Quinta-feira;Sessão 1;Manhã;08:40;Ciências Exatas;PA-05;2;24ª - ENEC;202626168;Subsídios Metodológicos para Adaptação Climática em Ucs: Planos para as Reservas Naturais Salto Morato e Serra do Tombador;EDUARDO VEDOR DE PAULA;Meio Ambiente;Comunicação Oral
Quinta-feira;Sessão 1;Manhã;09:00;Ciências Exatas;PA-05;3;24ª - ENEC;202625985;Utilização de Mídias Sociais Como Meio de Divulgação de Informações Sobre Animais Silvestres;CHAYANE DA ROCHA;Meio Ambiente;Comunicação Oral
Quinta-feira;Sessão 1;Manhã;09:20;Ciências Exatas;PA-05;4;24ª - ENEC;202626282;Ética, Teorias da Justiça e Sustentabilidade: Colaboração Discente;JOSE THOMAZ MENDES FILHO;Meio Ambiente;Comunicação Oral
Quinta-feira;Sessão 1;Manhã;08:20;Ciências Exatas;PA-07;1;24ª - ENEC;202625933;“campus N’ativa”: Reflorestando o Campus Centro Politécnico com Árvores Nativas.;CAROLINA ARRUDA DE OLIVEIRA FREIRE;Meio Ambiente;Comunicação Oral
Quinta-feira;Sessão 2;Manhã;10:30;Ciências Exatas;PA-05;1;7ª - EDISPE;202625709;Agroecologia: Capacitação para o Plantio Sustentável para Povos Originários, Quilombolas, Comunidades Tradicionais e Migrantes;AFONSO TAKAO MURATA;Meio Ambiente;Comunicação Oral
Quinta-feira;Sessão 1;Manhã;08:40;Ciências Exatas;PA-07;2;7ª - EDISPE;202624008;Avaliação Bioquímica em Células Hepáticas de Rhamdia Quelen (jundiá), Submetida À Contaminação Hídrica.;MARTA MARGARETE CESTARI;Meio Ambiente;Comunicação Oral
Quinta-feira;Sessão 2;Manhã;10:50;Ciências Exatas;PA-05;2;7ª - EDISPE;202625710;Avaliação da Eficácia do Protocolo de Extração e Análise da Hemolinfa de Scaptotrigona Bipunctata;MARTA MARGARETE CESTARI;Meio Ambiente;Comunicação Oral
Quinta-feira;Sessão 1;Manhã;09:00;Ciências Exatas;PA-07;3;7ª - EDISPE;202625956;Contribuição para Consolidação das Ações Extensionistas do Programa Solo na Escola/ufpr 2024-2033;MARCELO RICARDO DE LIMA;Meio Ambiente;Comunicação Oral
Quinta-feira;Sessão 2;Manhã;11:10;Ciências Exatas;PA-05;3;7ª - EDISPE;202624977;Diagnóstico e Planejamento Participativo para o Manejo Ambiental no Tekoa Ywy Dju;ANA FLAVIA LOCATELI GODOI;Meio Ambiente;Comunicação Oral
Quinta-feira;Sessão 1;Manhã;09:20;Ciências Exatas;PA-07;4;7ª - EDISPE;202625852;Estudo Epidemiológico da Prevalência da Sífilis e da Sífilis Congênita na Atualidade;JULIANA FERREIRA DE MOURA;Meio Ambiente;Comunicação Oral
Quinta-feira;Sessão 3;Tarde;14:00;Ciências da Terra;CT05;1;7ª - EDISPE;202624980;Implantação e Manejo de 1 Hectare com Espécies Nativas Frutíferas no Tekoa Ywy Dju;ANA FLAVIA LOCATELI GODOI;Meio Ambiente;Comunicação Oral
Quinta-feira;Sessão 2;Manhã;11:30;Ciências Exatas;PA-05;4;7ª - EDISPE;202626256;Projeto Ninhos de Vida: Aprendendo com Abelhas Sem Ferrão para a Saúde e a Conservação;TOMAZ LONGHI SANTOS;Meio Ambiente;Comunicação Oral
Segunda-feira;Sessão 4;Tarde;16:50;Ciências Exatas;PA-04;3;24ª - EAF;202625819;Atuação da Terapia Ocupacional na Áreabilitação Funcional de Pessoas com Acidente Vascular Cerebral: Relato de Experiência em Uma Enfermaria Hospitalar;FERNANDA CAPELLA RUGNO;Saúde;Comunicação Oral
Quinta-feira;Sessão 1;Manhã;08:20;Ciências Exatas;PA-08;1;24ª - EAF;202625821;Atuação da Terapia Ocupacional no Neurodesenvolvimento Infantil: Relato de Experiência em Contexto Clínico.;FERNANDA CAPELLA RUGNO;Saúde;Comunicação Oral
Quinta-feira;Sessão 2;Manhã;10:30;Ciências Exatas;PA-07;1;24ª - EAF;202625741;Para Além do “bom Dia”: Contribuições da Terapia Ocupacional para o Cuidado Interdisciplinar em Contexto Hospitalar;FERNANDA CAPELLA RUGNO;Saúde;Comunicação Oral
Segunda-feira;Sessão 4;Tarde;17:10;Ciências Exatas;PA-04;4;24ª - EAF;202626052;A Endodontia Como Disciplina Odontológica na Universidade Federal do Paraná: Um Relato de Experiência;MARIA ISABEL ANASTACIO FARIA;Saúde;Comunicação Oral
Quinta-feira;Sessão 3;Tarde;14:00;Ciências da Terra;CT06;1;24ª - EAF;202626177;Afirmasus: Estratégias de Comunicação em Saúde e Acolhimento para Estudantes Indígenas na Universidade;FERNANDA CAPELLA RUGNO;Saúde;Comunicação Oral
Quinta-feira;Sessão 1;Manhã;08:40;Ciências Exatas;PA-08;2;24ª - EAF;202626222;Desenvolvimento de Recurso Lúdico Como Facilitador da Compreensão de Crianças e Adolescentes Acerca do Processo de Transplante de Células-tronco Hematopoéticas;DAYANE REGINA DOS SANTOS;Saúde;Comunicação Oral
Quinta-feira;Sessão 1;Manhã;09:00;Ciências Exatas;PA-08;3;24ª - EAF;202625069;Engrama Corporificado: Relação Entre Respostas Imunes Adaptativas e Evocação de Memórias Remotas em Camundongos Swiss.;BRENO CASTELLO BRANCO BEIRAO;Saúde;Comunicação Oral
Quinta-feira;Sessão 4;Tarde;16:10;Ciências da Terra;CT03;1;24ª - EAF;202625599;Manejo da Dor e Qualidade de Vida em Oncologia Pediátrica: Contribuições da Terapia Ocupacional;FERNANDA CAPELLA RUGNO;Saúde;Comunicação Oral
Quinta-feira;Sessão 1;Manhã;09:20;Ciências Exatas;PA-08;4;24ª - EAF;202625569;Nanocaráreadores Tópicos Contendo Agentes Despigmentantes para o Tratamento do Melasma: Uma Revisão de Escopo;GUILHERME DOS ANJOS CAMARGO;Saúde;Comunicação Oral
Quinta-feira;Sessão 2;Manhã;10:50;Ciências Exatas;PA-07;2;24ª - EAF;202625581;Projeto de Aprendizagem: Ensaio Clínico para Avaliar os Efeitos Imediatos da Eletromassagem em Pacientes Hemato-oncológicos;RACIELE IVANDRA GUARDA KORELO;Saúde;Comunicação Oral
Quinta-feira;Sessão 2;Manhã;11:10;Ciências Exatas;PA-07;3;24ª - EAF;202626323;Psicologia, Mediunidade e Espiritismo: Uma Revisão de Escopo de Estudos Recentes;ADRIANO FURTADO HOLANDA;Saúde;Comunicação Oral
Quinta-feira;Sessão 2;Manhã;11:30;Ciências Exatas;PA-07;4;24ª - EAF;202625961;Relato de Experiência na Monitoria da Disciplina de Endodontia I do Curso de Odontologia da Universidade Federal do Paraná;MARIA ISABEL ANASTACIO FARIA;Saúde;Comunicação Oral
Quinta-feira;Sessão 3;Tarde;14:20;Ciências da Terra;CT06;2;24ª - EAF;202625957;Relato de Experiência na Monitoria de Estágio Supervisionado Iv em Odontologia da Universidade Federal do Paraná;MARIA ISABEL ANASTACIO FARIA;Saúde;Comunicação Oral
Quinta-feira;Sessão 3;Tarde;14:40;Ciências da Terra;CT06;3;24ª - EAF;202626157;Da Iniciação Esportiva Ao Rendimento: a Experiência do Pet Educação Física com Uma Equipe de Natação;RICARDO JOAO SONODA NUNES;Saúde;Comunicação Oral
Quinta-feira;Sessão 3;Tarde;15:00;Ciências da Terra;CT06;4;24ª - EAF;202623234;Da Teoria À Prática Clínica: o Papel do Journal Club e Hands Club na Formação Acadêmica e no Aprendizado Ativo;YASMINE MENDES PUPO;Saúde;Comunicação Oral
Quinta-feira;Sessão 4;Tarde;16:30;Ciências da Terra;CT03;2;24ª - EAF;202623283;Expedição Novos Sorrisos: Contribuição do Pet Odontologia da Ufpr na Promoção da Saúde Bucal em Unidade Odontológica Móvel;YASMINE MENDES PUPO;Saúde;Comunicação Oral
Quinta-feira;Sessão 1;Manhã;08:20;Ciências Exatas;PA-09;1;24ª - EAF;202625499;O Papel da Mentoria Individual na Formação de Petianos e Alunos de Odontologia: Relato de Experiência e Validação Científica no Pet Odontologia Ufpr;YASMINE MENDES PUPO;Saúde;Comunicação Oral
Quinta-feira;Sessão 2;Manhã;10:30;Ciências Exatas;PA-08;1;24ª - EAF;202623232;Promoção de Saúde Bucal em Contexto de Vulnerabilidade Social: Experiência Extensionista do Grupo Pet Odontologia;YASMINE MENDES PUPO;Saúde;Comunicação Oral
Quinta-feira;Sessão 5;Noite;19:00;Ciências da Terra;CT02;1;24ª - EAF;202624383;Relato de Experiência do 17º Circuito Pet Odontologia da Ufpr: Integração Entre Teoria, Prática e Carreira;YASMINE MENDES PUPO;Saúde;Comunicação Oral
Sexta-feira;Sessão 1;Manhã;08:20;Ciências da Terra;CT01;1;24ª - EAF;202623229;Reuniões Acadêmicas e Interpet: Ferramentas de Desenvolvimento Acadêmico e Profissional no Pet Odontologia Ufpr;YASMINE MENDES PUPO;Saúde;Comunicação Oral
Sexta-feira;Sessão 2;Manhã;10:30;Ciências da Terra;CT01;1;24ª - EAF;202623071;Simulação Realística e Inovação na Implantodontia: Integração de Ensino, Pesquisa e Extensão no Pet-odontologia Ufpr;YASMINE MENDES PUPO;Saúde;Comunicação Oral
Quinta-feira;Sessão 1;Manhã;08:40;Ciências Exatas;PA-09;2;24ª - EAF;202625662;Pet Saúde Informação e Saúde Digital Ufpr: 1o Ano.;LUCIANA SCHLEDER GONCALVES;Saúde;Comunicação Oral
Quinta-feira;Sessão 1;Manhã;09:00;Ciências Exatas;PA-09;3;24ª - EAF;202625505;Monitoria de Fisioterapia Aquática - Programa de Iniciação À Docência;VERA LUCIA ISRAEL;Saúde;Comunicação Oral
Quinta-feira;Sessão 1;Manhã;09:20;Ciências Exatas;PA-09;4;24ª - EAF;202626012;A Avaliação Nutricional da População Lgbtqiapn+ na Formação de Nutricionistas: Um Relato de Experiência de Monitoria;ANABELLE RETONDARIO;Saúde;Comunicação Oral
Quinta-feira;Sessão 5;Noite;19:20;Ciências da Terra;CT02;2;24ª - EAF;202625936;A Monitoria Acadêmica Como Estratégia de Ensino-aprendizagem em Terapia Ocupacional: Relato de Experiência;FERNANDA CAPELLA RUGNO;Saúde;Comunicação Oral
Quinta-feira;Sessão 2;Manhã;10:50;Ciências Exatas;PA-08;2;24ª - EAF;202624560;Além da Exodontia: Monitoria Como Ferramenta de Crescimento e Aprendizado em Anestesiologia e Cirurgia Bucal - Relato de Experiência;LUCIENNE MIRANDA ULBRICH;Saúde;Comunicação Oral
Quinta-feira;Sessão 2;Manhã;11:10;Ciências Exatas;PA-08;3;24ª - EAF;202626080;Aplicação da Hibridização Molecular no Ensino de Química Medicinal e Farmacêutica: Síntese de Um Híbrido Azo Entre Sulfadiazina e Paracetamol;GUILHERME DOS ANJOS CAMARGO;Saúde;Comunicação Oral
Quinta-feira;Sessão 2;Manhã;11:30;Ciências Exatas;PA-08;4;24ª - EAF;202626147;Coloração de Vasos Sanguíneos em Cadáveres Caninos Como Método de Ensino-aprendizagem em Anatomia Veterinária;MARCELLO MACHADO;Saúde;Comunicação Oral
Quinta-feira;Sessão 4;Tarde;16:50;Ciências da Terra;CT03;3;24ª - EAF;202625488;Experiências Acadêmicas Durante o Programa de Monitoria em Dentística Restauradora I;EVELISE MACHADO DE SOUZA;Saúde;Comunicação Oral
Quinta-feira;Sessão 4;Tarde;17:10;Ciências da Terra;CT03;4;24ª - EAF;202623760;Flexibilidade Metodológica e Engajamento Discente na Monitoria da Disciplina de Prática Médica Baseada em Evidências;FERNANDA TOMIOTTO PELLISSIER;Saúde;Comunicação Oral
Quinta-feira;Sessão 5;Noite;19:40;Ciências da Terra;CT02;3;24ª - EAF;202623754;Gamificação no Ensino de Prática Médica Baseada em Evidências: Relato de Experiência com o Uso do Kahoot! na Graduação em Medicina;FERNANDA TOMIOTTO PELLISSIER;Saúde;Comunicação Oral
Quinta-feira;Sessão 5;Noite;20:00;Ciências da Terra;CT02;4;24ª - EAF;202625799;Iniciação À Docência: Vivências na Disciplina de Cinesioterapia;ANA CAROLINA BRANDT DE MACEDO;Saúde;Comunicação Oral
Sexta-feira;Sessão 1;Manhã;08:40;Ciências da Terra;CT01;2;24ª - EAF;202626273;Monitoria Acadêmica Como Estratégia Pedagógica para Suprir Lacunas no Processo de Ensino-aprendizagem em Patologia;HELITON GUSTAVO DE LIMA;Saúde;Comunicação Oral
Sexta-feira;Sessão 1;Manhã;09:00;Ciências da Terra;CT01;3;24ª - EAF;202626155;Monitoria e Tecnologias Educacionais no Ensino de Patologia Aplicada À Fisioterapia: Relato de Experiência;REGIANE STAFIM DA CUNHA;Saúde;Comunicação Oral
Sexta-feira;Sessão 1;Manhã;09:20;Ciências da Terra;CT01;4;24ª - EAF;202626095;Monitoria em Ação: da Prática Ambulatorial Ao E-book de Receitas em Nutrição Esportiva;RENATA LABRONICI BERTIN;Saúde;Comunicação Oral
Sexta-feira;Sessão 2;Manhã;10:50;Ciências da Terra;CT01;2;24ª - EAF;202626263;Monitoria em Epidemiologia no Curso de Medicina: Um Relato de Experiência;SOLENA ZIEMER KUSMA FIDALSKI;Saúde;Comunicação Oral
Sexta-feira;Sessão 2;Manhã;11:10;Ciências da Terra;CT01;3;24ª - EAF;202623927;Monitoria em Fundamentos para o Cuidar em Enfermagem;NEN NALU ALVES DAS MERCES;Saúde;Comunicação Oral
Sexta-feira;Sessão 2;Manhã;11:30;Ciências da Terra;CT01;4;24ª - EAF;202625110;Monitoria em Materiais Odontológicos I: Apoio Pedagógico e Desenvolvimento Acadêmico.;ELOISA ANDRADE DE PAULA;Saúde;Comunicação Oral
Quinta-feira;Sessão 2;Manhã;10:30;Ciências Exatas;PA-09;1;24ª - EAF;202625519;Monitoria na Disciplina de Radiologia Odontológica e Imaginologia;THAYS REGINA FERREIRA DA COSTA;Saúde;Comunicação Oral
Quinta-feira;Sessão 2;Manhã;10:50;Ciências Exatas;PA-09;2;24ª - EAF;202625806;Mídias Sociais na Monitoria de Alimentação Escolar: Uma Experiência de Apoio Ao Ensino e Divulgação Científica;REGINA MARIA FERREIRA LANG;Saúde;Comunicação Oral
Quinta-feira;Sessão 2;Manhã;11:10;Ciências Exatas;PA-09;3;24ª - EAF;202625268;Relato da Experiência da Monitoria da Disciplina Atividades Expressivas e Criativas;ROSIBETH DEL CARMEN MUNOZ PALM;Saúde;Comunicação Oral
Quinta-feira;Sessão 2;Manhã;11:30;Ciências Exatas;PA-09;4;24ª - EAF;202625577;Relato de Experiência no Programa Institucional de Monitoria em Uma Disciplina de Nutrição;CHRISTIANE DE QUEIROZ PEREIRA PINTO;Saúde;Comunicação Oral
Quinta-feira;Sessão 3;Tarde;14:00;Ciências Exatas;PA-03;1;24ª - EAF;202626166;Simulação Forense Como Metodologia Ativa no Ensino de Biologia Molecular em Farmácia;IZABELLA CASTILHOS RIBEIRO DOS SANTOS WEISS;Saúde;Comunicação Oral
Quinta-feira;Sessão 3;Tarde;14:20;Ciências Exatas;PA-03;2;24ª - EAF;202626053;Simulação de Sessão Plenária de Julgamento Como Estratégia Ativa no Ensino de Deontologia Farmacêutica;FLAVIA DEFFERT;Saúde;Comunicação Oral
Quinta-feira;Sessão 3;Tarde;14:40;Ciências Exatas;PA-03;3;24ª - EAF;202625511;Vivência Como Monitora na Disciplina de Bioquímica de Alimentos;CHRISTIANE DE QUEIROZ PEREIRA PINTO;Saúde;Comunicação Oral
Quinta-feira;Sessão 3;Tarde;15:00;Ciências Exatas;PA-03;4;24ª - EAF;202625506;Vivências e Aprendizados no Programa Institucional de Monitoria na Disciplina de Fisioterapia na Saúde da Mulher e do Homem;TAINA CHRISTINELLI;Saúde;Comunicação Oral
Quinta-feira;Sessão 3;Tarde;14:00;Ciências Exatas;PA-04;1;24ª - EAF;202626214;Agrotóxicos: Identificação e Formas de Exposição em Indígenas;MARILIA PINTO FERREIRA MURATA;Saúde;Comunicação Oral
Quinta-feira;Sessão 3;Tarde;14:20;Ciências Exatas;PA-04;2;24ª - EAF;202625963;Apostila de Histologia e Embriologia Odontológica;IVO HARTMANN;Saúde;Comunicação Oral
Quinta-feira;Sessão 3;Tarde;14:40;Ciências Exatas;PA-04;3;24ª - EAF;202624288;Articulações Entre a Teoria Psicanalítica e o Contexto Cultural na Discussão da Perda Simbólica do Filho Idealizado Diante da Revelação da Homessexualidade.;MARIA VIRGINIA FILOMENA CREMASCO;Saúde;Comunicação Oral
Quinta-feira;Sessão 3;Tarde;15:00;Ciências Exatas;PA-04;4;24ª - EAF;202625786;Avaliação Fotofísica de Chalconas Sintéticas com Potencial Aplicação em Terapia Fotodinâmica;GUILHERME DOS ANJOS CAMARGO;Saúde;Comunicação Oral
Quinta-feira;Sessão 4;Tarde;16:10;Ciências da Terra;CT05;1;24ª - EAF;202625793;Avaliação da Permeação In Vitro de Formulações Contendo Ácido Tricloroacético 35% Associadas Ou Não Ao Óleo de Croton;GUILHERME DOS ANJOS CAMARGO;Saúde;Comunicação Oral
Quinta-feira;Sessão 4;Tarde;16:30;Ciências da Terra;CT05;2;24ª - EAF;202624123;Avaliação do Perfil Elementar Inorgânico Essencial e Potencialmente Tóxico em Cáreatinas Comerciais;ANDREA PINTO DE OLIVEIRA;Saúde;Comunicação Oral
Quinta-feira;Sessão 4;Tarde;16:50;Ciências da Terra;CT05;3;24ª - EAF;202625513;Cobertura da Vacina Contra o Sarampo em 19 Países da América Latina e Caribe: Um Estudo Transversal.;BIANCA DE OLIVEIRA CATA PRETA;Saúde;Comunicação Oral
Quinta-feira;Sessão 4;Tarde;17:10;Ciências da Terra;CT05;4;24ª - EAF;202626143;Comparação do Perfil Fitotóxico de Extratos Aquosos de Amostras Comerciais de Folhas de Pereskia Aculeata Mill., Plantago Lanceolata L. e Taraxacum Officinale Weber Ex F.h.wigg.;MARIA CAROLINA ANHOLETI DA SILVA VIRGINIO;Saúde;Comunicação Oral
Quinta-feira;Sessão 3;Tarde;14:00;Ciências Exatas;PA-05;1;24ª - EAF;202625063;Contribuições do Voluntariado Acadêmico na Formação Científica e Médica: Relato de Experiência em Rotinas de Bancada e Procedimentos Experimentais com Modelos Animais;BRENO CASTELLO BRANCO BEIRAO;Saúde;Comunicação Oral
Quinta-feira;Sessão 3;Tarde;14:20;Ciências Exatas;PA-05;2;24ª - EAF;202626160;Cuidados Primários em Saúde Bucal;GIOVANA DANIELA PECHARKI VIANNA;Saúde;Comunicação Oral
Quinta-feira;Sessão 5;Noite;19:00;Ciências da Terra;CT03;1;24ª - EAF;202625791;Desenvolvimento e Caracterização Físico-química de Sérum Contendo Ácido Tricloroacético 35% Associado Ao Óleo de Croton para Aplicação em Peeling Químico;GUILHERME DOS ANJOS CAMARGO;Saúde;Comunicação Oral
Sexta-feira;Sessão 1;Manhã;08:20;Ciências da Terra;CT02;1;24ª - EAF;202625790;Desenvolvimento e Caracterização Físico-química de Sérum Contendo Ácido Tricloroacético 35% para Aplicação em Peeling Químico;GUILHERME DOS ANJOS CAMARGO;Saúde;Comunicação Oral
Quinta-feira;Sessão 3;Tarde;14:40;Ciências Exatas;PA-05;3;24ª - EAF;202626140;Desenvolvimento e Caracterização de Nanopartículas de Lignina;JAQUELINE CARNEIRO;Saúde;Comunicação Oral
Sexta-feira;Sessão 2;Manhã;10:30;Ciências da Terra;CT02;1;24ª - EAF;202625566;Desenvolvimento, Caracterização Físico-química e Avaliação da Estabilidade de Microemulsão Contendo Metformina para Aplicação Tópica no Tratamento da Acne;GUILHERME DOS ANJOS CAMARGO;Saúde;Comunicação Oral
Quinta-feira;Sessão 5;Noite;19:20;Ciências da Terra;CT03;2;24ª - EAF;202626206;Estado Nutricional de Indígenas no Brasil;MARILIA PINTO FERREIRA MURATA;Saúde;Comunicação Oral
Quinta-feira;Sessão 3;Tarde;15:00;Ciências Exatas;PA-05;4;24ª - EAF;202625764;Estruturação de Banco de Dados Como Etapa Formativa para Pesquisa em Anemia de Fanconi;GEISLA MARY SILVA SOARES;Saúde;Comunicação Oral
Quinta-feira;Sessão 5;Noite;19:40;Ciências da Terra;CT03;3;24ª - EAF;202626156;Livreto Saúde Coletiva;GIOVANA DANIELA PECHARKI VIANNA;Saúde;Comunicação Oral
Quinta-feira;Sessão 5;Noite;20:00;Ciências da Terra;CT03;4;24ª - EAF;202626106;Morfoanatomia e Histoquímica Foliar de Espécies de Ora-pro-nóbis (pereskia Aculeata Mill. e Pereskia Grandifolia Haw.);MARIA CAROLINA ANHOLETI DA SILVA VIRGINIO;Saúde;Comunicação Oral
Sexta-feira;Sessão 1;Manhã;08:40;Ciências da Terra;CT02;2;24ª - EAF;202626212;Mortalidade por Neoplasias Malignas de Colo de Útero no Paraná;MARILIA PINTO FERREIRA MURATA;Saúde;Comunicação Oral
Sexta-feira;Sessão 3;Tarde;14:00;Ciências da Terra;CT01;1;24ª - EAF;202625564;Nanoemulsão Contendo Óleo Essencial de Alecrim: Desenvolvimento Tecnológico, Caracterização e Eficiência de Encapsulação;GUILHERME DOS ANJOS CAMARGO;Saúde;Comunicação Oral
Sexta-feira;Sessão 2;Manhã;10:50;Ciências da Terra;CT02;2;24ª - EAF;202626200;O Agronegócio Como Vetor de Violência Química: Uma Análise dos Conflitos por Contaminação por Agrotóxicos no Brasil (2014-2024);MARILIA PINTO FERREIRA MURATA;Saúde;Comunicação Oral
Sexta-feira;Sessão 1;Manhã;09:00;Ciências da Terra;CT02;3;24ª - EAF;202623319;O Programa de Voluntariado Acadêmico Como Elo Entre Estudantes e a Pesquisa Científica: Relato de Experiência;ANTONIO ADILSON SOARES DE LIMA;Saúde;Comunicação Oral
Sexta-feira;Sessão 2;Manhã;11:10;Ciências da Terra;CT02;3;24ª - EAF;202623002;O Programa de Voluntariado Acadêmico Servindo Como Elo Entre os Estudantes e a Prática Clínica: Relato de Experiência;ANTONIO ADILSON SOARES DE LIMA;Saúde;Comunicação Oral
Sexta-feira;Sessão 1;Manhã;09:20;Ciências da Terra;CT02;4;24ª - EAF;202623195;Papel dos Fitocanabinóides na Generalização da Memória em Camundongos Idosos;PAULA SANTANA LUNARDI;Saúde;Comunicação Oral
Sexta-feira;Sessão 2;Manhã;11:30;Ciências da Terra;CT02;4;24ª - EAF;202625515;Perfil Sociodemográfico e de Saúde de Idosos Longevos no Brasil: Vigitel 2019.;BIANCA DE OLIVEIRA CATA PRETA;Saúde;Comunicação Oral
Sexta-feira;Sessão 3;Tarde;14:20;Ciências da Terra;CT01;2;24ª - EAF;202623373;Programa de Voluntariado Acadêmico (pva) no Ensino Prático da Fotobiomodulação Aplicada À Odontologia;ANTONIO ADILSON SOARES DE LIMA;Saúde;Comunicação Oral
Sexta-feira;Sessão 3;Tarde;14:40;Ciências da Terra;CT01;3;24ª - EAF;202623304;Programa de Voluntariado Acadêmico: Estratégias de Apoio Ao Ensino Prático em Materiais Odontológicos Ii;ANDRESA CARLA OBICI;Saúde;Comunicação Oral
Sexta-feira;Sessão 3;Tarde;15:00;Ciências da Terra;CT01;4;24ª - EAF;202626054;Prospecção Química de Espécies de Ora-pro-nóbis (pereskia Aculeata Mill. e Pereskia Grandifolia Haw.);MARIA CAROLINA ANHOLETI DA SILVA VIRGINIO;Saúde;Comunicação Oral
Quinta-feira;Sessão 4;Tarde;16:10;Ciências da Terra;CT06;1;24ª - EAF;202624258;Redes de Apoio Às Famílias de Pessoas Lgbt: Mapeamento e Articulação Institucional;MARIA VIRGINIA FILOMENA CREMASCO;Saúde;Comunicação Oral
Sexta-feira;Sessão 4;Tarde;16:10;Ciências da Terra;CT01;1;24ª - EAF;202625788;Síntese, Avaliação Fotofísica e Potencial Fotodinâmico de Chalconas Sintéticas para Aplicação na Terapia Fotodinâmica;GUILHERME DOS ANJOS CAMARGO;Saúde;Comunicação Oral
Quinta-feira;Sessão 4;Tarde;16:30;Ciências da Terra;CT06;2;24ª - EAF;202625988;Uso de Inteligência Artificial Generativa por Estudantes e Profissionais da Saúde: Resultados Parciais de Um Estudo Transversal;ANABELLE RETONDARIO;Saúde;Comunicação Oral
Quinta-feira;Sessão 4;Tarde;16:50;Ciências da Terra;CT06;3;24ª - EAF;202625708;Vivências Técnico-científicas no Grupo de Pesquisa em Doenças Metabólicas: Experiência Formativa no Programa de Voluntariado Acadêmico;MARCEL HENRIQUE MARCONDES SARI;Saúde;Comunicação Oral
Quinta-feira;Sessão 4;Tarde;17:10;Ciências da Terra;CT06;4;24ª - ENEC;202625160;Descobrindo o Corpo e Promovendo Saúde Bucal - 3a Edição;ELAINE MACHADO BENELLI;Saúde;Comunicação Oral
Sexta-feira;Sessão 4;Tarde;16:30;Ciências da Terra;CT01;2;24ª - ENEC;202623074;Inovação no Biobanco de Dentes Humanos da Ufpr: da Rastáreabilidade Digital À Criação de Material Didático;YASMINE MENDES PUPO;Saúde;Comunicação Oral
Sexta-feira;Sessão 4;Tarde;16:50;Ciências da Terra;CT01;3;24ª - ENEC;202625429;Lafeto - Liga Acadêmica de Fisioterapia Esportiva e Traumato-ortopédica da Ufpr;TALITA GIANELLO GNOATO ZOTZ;Saúde;Comunicação Oral
Sexta-feira;Sessão 4;Tarde;17:10;Ciências da Terra;CT01;4;24ª - ENEC;202626231;Medicina Veterinária do Coletivo;RITA DE CASSIA MARIA GARCIA;Saúde;Comunicação Oral
Quinta-feira;Sessão 3;Tarde;14:00;Ciências Exatas;PA-07;1;24ª - ENEC;202626136;Medicina Veterinária do Coletivo;RITA DE CASSIA MARIA GARCIA;Saúde;Comunicação Oral
Quinta-feira;Sessão 3;Tarde;14:20;Ciências Exatas;PA-07;2;24ª - ENEC;202623604;Produção de Modelos Didáticos e Simuladores por Tecnologias de Impressão 3d;MARIA FERNANDA PIOLI TORRES;Saúde;Comunicação Oral
Quinta-feira;Sessão 3;Tarde;14:40;Ciências Exatas;PA-07;3;24ª - ENEC;202623016;Programa Cirurgilhas, Cirurgias Ambulatoriais Acessíveis a População do Litoral Paranaense.;SILVANIA KLUG PIMENTEL;Saúde;Comunicação Oral
Quinta-feira;Sessão 3;Tarde;15:00;Ciências Exatas;PA-07;4;24ª - ENEC;202625658;Programa Qi - Articulação Entre Ensino, Pesquisa, Extensão e Assistência Fisioterapêutica À Comunidade;RACIELE IVANDRA GUARDA KORELO;Saúde;Comunicação Oral
Quinta-feira;Sessão 3;Tarde;14:00;Ciências Exatas;PA-08;1;24ª - ENEC;202624130;Saúde em Ação: Promoção de Saúde e Prevenção de Doenças Crônicas e Agudas em Populações Adultas;MARILENE LOEWEN WALL;Saúde;Comunicação Oral
Quinta-feira;Sessão 3;Tarde;14:20;Ciências Exatas;PA-08;2;24ª - ENEC;202623469;Tecendo Saúde e Bem-estar: Compromisso da Ufpr na Educação, Inovação, Equidade, Popularização da Ciência e Transformação Social;KARINA SILVEIRA DE ALMEIDA HAMMERSCHMIDT;Saúde;Comunicação Oral
Quinta-feira;Sessão 3;Tarde;14:40;Ciências Exatas;PA-08;3;24ª - ENEC;202625919;Trissomia 21;BEATRIZ ELIZABETH BAGATIN VELEDA BERMUDEZ;Saúde;Comunicação Oral
Quinta-feira;Sessão 4;Tarde;16:10;Ciências Exatas;PA-03;1;24ª - ENEC;202626218;#educasus;GIOVANA DANIELA PECHARKI VIANNA;Saúde;Comunicação Oral
Quinta-feira;Sessão 3;Tarde;15:00;Ciências Exatas;PA-08;4;24ª - ENEC;202625932;A Clínica e a Pesquisa Psicanalítica no Campo da Saúde do Trabalhador: Atendimento a Trabalhadores;ELAINE CRISTINA SCHMITT RAGNINI;Saúde;Comunicação Oral
Quinta-feira;Sessão 4;Tarde;16:30;Ciências Exatas;PA-03;2;24ª - ENEC;202625091;A Educação Como Ferramenta na Prevenção do Câncer;DANIELA FIORI GRADIA;Saúde;Comunicação Oral
Quinta-feira;Sessão 4;Tarde;16:50;Ciências Exatas;PA-03;3;24ª - ENEC;202626022;A Nossa Comida: Cultura, Biodiversidade e Saúde.;GIANE BIENTINEZ SPRADA;Saúde;Comunicação Oral
Quinta-feira;Sessão 4;Tarde;17:10;Ciências Exatas;PA-03;4;24ª - ENEC;202626072;Acompanhamento Farmacoterapêutico de Servidores da Universidade Federal do Paraná;INAJARA ROTTA;Saúde;Comunicação Oral
Quinta-feira;Sessão 3;Tarde;14:00;Ciências Exatas;PA-09;1;24ª - ENEC;202623198;Adote Ufpr (1);ALEXANDER WELKER BIONDO;Saúde;Comunicação Oral
Quinta-feira;Sessão 3;Tarde;14:20;Ciências Exatas;PA-09;2;24ª - ENEC;202625636;Apoio À Liga Acadêmica de Saúde Coletiva;SOLENA ZIEMER KUSMA FIDALSKI;Saúde;Comunicação Oral
Quinta-feira;Sessão 3;Tarde;14:40;Ciências Exatas;PA-09;3;24ª - ENEC;202624001;Aprender para Melhor Envelhecer: o Conhecimento a Um Clique de Suas Mãos!;TATIANE PRETTE KUZNIER;Saúde;Comunicação Oral
Quinta-feira;Sessão 3;Tarde;15:00;Ciências Exatas;PA-09;4;24ª - ENEC;202625373;Arte, Humanidades e Saúde: Um Diálogo Criativo para Educação em Saúde;VALDERILIO FEIJO AZEVEDO;Saúde;Comunicação Oral
Quinta-feira;Sessão 4;Tarde;16:10;Ciências Exatas;PA-04;1;24ª - ENEC;202625601;Atendimentos na Rede Feminina de Combate Ao Câncer: Um Olhar Humanizado no Projeto Bem Viver na Oncologia;RACIELE IVANDRA GUARDA KORELO;Saúde;Comunicação Oral
Quinta-feira;Sessão 4;Tarde;16:30;Ciências Exatas;PA-04;2;24ª - ENEC;202625527;Ativamente;ANGELICA MIKI STEIN;Saúde;Comunicação Oral
Quinta-feira;Sessão 5;Noite;19:00;Ciências da Terra;CT05;1;24ª - ENEC;202625170;Autocuidado e Qualidade de Vida 2a Ed;ELAINE MACHADO BENELLI;Saúde;Comunicação Oral
Quinta-feira;Sessão 4;Tarde;16:50;Ciências Exatas;PA-04;3;24ª - ENEC;202625314;Autonomia em Foco Atenção Às Pessoas com Deficiência Visual e Múltipla: Interfaces com a Terapia Ocupacional, a Família e a Interprofissionalidade.;GABRIELA CORDEIRO CORREA DO NASCIMENTO;Saúde;Comunicação Oral
Quinta-feira;Sessão 4;Tarde;17:10;Ciências Exatas;PA-04;4;24ª - ENEC;202625416;Ações Educativas na Prevenção de Agravos À Saúde: Integrando a Academia À Comunidade. (1);LUCIANA DE ALCANTARA NOGUEIRA;Saúde;Comunicação Oral
Quinta-feira;Sessão 5;Noite;19:20;Ciências da Terra;CT05;2;24ª - ENEC;202625809;Ações de Segurança Alimentar e Nutricional no Município de Piraquara/pr: Construção Participativa e Integração de Saberes;REGINA MARIA FERREIRA LANG;Saúde;Comunicação Oral
Quinta-feira;Sessão 5;Noite;19:40;Ciências da Terra;CT05;3;24ª - ENEC;202626283;Bionut- Diabetes, Dislipidemias, Avaliação Nutricional e de Hábitos de Vida em Caráter Educativo nas Escolas Estaduais;RAILSON HENNEBERG;Saúde;Comunicação Oral
Quinta-feira;Sessão 5;Noite;20:00;Ciências da Terra;CT05;4;24ª - ENEC;202624164;Brigada de Saúde: Formação de Multiplicadores nas Comunidades Caiçaras do Paraná;MARILENE LOEWEN WALL;Saúde;Comunicação Oral
Quinta-feira;Sessão 4;Tarde;16:10;Ciências Exatas;PA-05;1;24ª - ENEC;202625713;Caminhando com a Gestão: Olhares para a Alimentação Escolar no Âmbito do Direito Humano À Alimentação Adequada - 2ª Edição;CAROLINE OPOLSKI MEDEIROS;Saúde;Comunicação Oral
Quinta-feira;Sessão 4;Tarde;16:30;Ciências Exatas;PA-05;2;24ª - ENEC;202623249;Captação, Limpeza e Armazenamento de Dentes Humanos - 2º Ciclo;IVANA FROEDE NEIVA;Saúde;Comunicação Oral
Quinta-feira;Sessão 4;Tarde;16:50;Ciências Exatas;PA-05;3;24ª - ENEC;202626170;Centro de Estudos, Pesquisa e Extensão em Saúde Integral - Cepesi - 2026;MARILIA PINTO FERREIRA MURATA;Saúde;Comunicação Oral
Quinta-feira;Sessão 4;Tarde;17:10;Ciências Exatas;PA-05;4;24ª - ENEC;202625561;Ciclos de Cuidado: Oficinas e Rodas de Conversa Sobre Saúde Materna, Sexual e Mental;JESSICA BATISTELA VICENTE;Saúde;Comunicação Oral
Quinta-feira;Sessão 4;Tarde;16:10;Ciências Exatas;PA-07;1;24ª - ENEC;202625815;Cientista na Cozinha: Ciência para Ver, Ouvir e Saboárear.;CHRISTIANE DE QUEIROZ PEREIRA PINTO;Saúde;Comunicação Oral
Quinta-feira;Sessão 4;Tarde;16:30;Ciências Exatas;PA-07;2;24ª - ENEC;202623093;Clube da Dermatite - Segunda Edição;VANIA OLIVEIRA DE CARVALHO;Saúde;Comunicação Oral
Quinta-feira;Sessão 4;Tarde;16:50;Ciências Exatas;PA-07;3;24ª - ENEC;202626079;Coletivo Negrex Cwb: Democratização do Acesso Ao Ensino Superior e Educação Sobre Ações Afirmativas;ANDRE IVAN BRADLEY DOS SANTOS DIAS;Saúde;Comunicação Oral
Sexta-feira;Sessão 1;Manhã;08:20;Ciências da Terra;CT03;1;24ª - ENEC;202625142;Coleção Descobrindo o Corpo;ELAINE MACHADO BENELLI;Saúde;Comunicação Oral
Quinta-feira;Sessão 4;Tarde;17:10;Ciências Exatas;PA-07;4;24ª - ENEC;202625510;Consulta do Enfermeiro para Gestante no Terceiro Trimestre;TATIANE HERREIRA TRIGUEIRO STELLA;Saúde;Comunicação Oral
Sexta-feira;Sessão 1;Manhã;08:40;Ciências da Terra;CT03;2;24ª - ENEC;202625450;Conviver 60+: Formação Médica e Práticas Interprofissionais para o Envelhecimento Ativo e Saudável;SOLENA ZIEMER KUSMA FIDALSKI;Saúde;Comunicação Oral
Sexta-feira;Sessão 1;Manhã;09:00;Ciências da Terra;CT03;3;24ª - ENEC;202625047;Crescendo Saudável, Envelhecendo com Qualidade;ANA CAROLINA BRANDT DE MACEDO;Saúde;Comunicação Oral
Sexta-feira;Sessão 1;Manhã;09:20;Ciências da Terra;CT03;4;24ª - ENEC;202623261;Dente Presente: Um Olhar para a Ciência - 2º Ciclo;ANDRESA CARLA OBICI;Saúde;Comunicação Oral
Quinta-feira;Sessão 5;Noite;19:00;Ciências da Terra;CT06;1;24ª - ENEC;202625691;Desenvolvimento de Um Protocolo de Avaliação Fisioterapêutica em Disfunções Temporomandibulares, Dor Orofacial e Cefaleia;RACIELE IVANDRA GUARDA KORELO;Saúde;Comunicação Oral
Quinta-feira;Sessão 5;Noite;19:20;Ciências da Terra;CT06;2;24ª - ENEC;202625468;Design Gráfico e de Experiência para Unidade da Criança e do Adolescente - Uca;CAROLINA CALOMENO MACHADO;Saúde;Comunicação Oral
Quinta-feira;Sessão 5;Noite;19:40;Ciências da Terra;CT06;3;24ª - ENEC;202626275;Diagnóstico Histopatológico de Lesões Orais e Maxilofaciais (dihlom);HELITON GUSTAVO DE LIMA;Saúde;Comunicação Oral
Quinta-feira;Sessão 5;Noite;20:00;Ciências da Terra;CT06;4;24ª - ENEC;202624299;Divulgação de Conhecimento Científico Sobre Saúde por Meio de Geração de Conteúdo por Áudio (podcast);JAQUELINE CARNEIRO;Saúde;Comunicação Oral
Quinta-feira;Sessão 4;Tarde;16:10;Ciências Exatas;PA-08;1;24ª - ENEC;202625759;Donas e Donos de Si;LARISSA REIFUR;Saúde;Comunicação Oral
Quinta-feira;Sessão 4;Tarde;16:30;Ciências Exatas;PA-08;2;24ª - ENEC;202623281;E-sadigi Dc - Divulgação Científica do Conhecimento Ético e Científico Sobre Soluções em Saúde Digital.;LUCIANA SCHLEDER GONCALVES;Saúde;Comunicação Oral
Quinta-feira;Sessão 4;Tarde;16:50;Ciências Exatas;PA-08;3;24ª - ENEC;202624184;Educação em Saúde na Fisioterapia Neurofuncional no Adulto e Idoso: Orientações e Produção de Materiais Educativos para Pacientes e Cuidadores;SIBELE YOKO MATTOZO TAKEDA;Saúde;Comunicação Oral
Quinta-feira;Sessão 4;Tarde;17:10;Ciências Exatas;PA-08;4;24ª - ENEC;202626175;Educação em Saúde para Pessoas Idosas: Experiências do Projeto de Extensão “profissão Farmacêutica na Prática”;IZABELLA CASTILHOS RIBEIRO DOS SANTOS WEISS;Saúde;Comunicação Oral
Quinta-feira;Sessão 5;Noite;19:00;Ciências Exatas;PA-03;1;24ª - ENEC;202626162;Empreendedorismo Farmacêutico: : a Empresa Júnior Como Ferramenta de Formação Profissional e Desenvolvimento Empreendedor — a Experiência da Polimerase Jr.;IZABELLA CASTILHOS RIBEIRO DOS SANTOS WEISS;Saúde;Comunicação Oral
Quinta-feira;Sessão 5;Noite;19:20;Ciências Exatas;PA-03;2;24ª - ENEC;202625535;Envelhesendo: Ressignificando as Práticas Corporais e Atividades Físicas Voltadas Aos Idosos (2025-2030);ROSECLER VENDRUSCOLO;Saúde;Comunicação Oral
Quinta-feira;Sessão 5;Noite;19:40;Ciências Exatas;PA-03;3;24ª - ENEC;202625537;Eu Me Cuido! Saúde na Adolescência;SOLENA ZIEMER KUSMA FIDALSKI;Saúde;Comunicação Oral
Quinta-feira;Sessão 5;Noite;20:00;Ciências Exatas;PA-03;4;24ª - ENEC;202623876;Extensão na Rua: Atenção À População em Situação de Rua por Meio do Alimento;ANABELLE RETONDARIO;Saúde;Comunicação Oral
Sexta-feira;Sessão 1;Manhã;08:20;Ciências da Terra;CT05;1;24ª - ENEC;202625673;Extensão, Gestão e Marketing Digital: Estratégias para o Fortalecimento de Uma Liga Acadêmica de Fisioterapia Dermatofuncional;RACIELE IVANDRA GUARDA KORELO;Saúde;Comunicação Oral
Sexta-feira;Sessão 1;Manhã;08:40;Ciências da Terra;CT05;2;24ª - ENEC;202625646;Farmaeduca: Doses de Conhecimento- 2a Edição;SANDRA MARA WORANOVICZ BARREIRA;Saúde;Comunicação Oral
Sexta-feira;Sessão 1;Manhã;09:00;Ciências da Terra;CT05;3;24ª - ENEC;202626141;Farmácia Veterinária Solidária;RITA DE CASSIA MARIA GARCIA;Saúde;Comunicação Oral
Sexta-feira;Sessão 1;Manhã;09:20;Ciências da Terra;CT05;4;24ª - ENEC;202625856;Farmácia nas Redes Sociais;MAUREN ISFER ANGHEBEM;Saúde;Comunicação Oral
Quinta-feira;Sessão 4;Tarde;16:10;Ciências Exatas;PA-09;1;24ª - ENEC;202625557;Fisioterapet 2026;SORAIA FIGUEIREDO DE SOUZA PELIZZARI;Saúde;Comunicação Oral
Quinta-feira;Sessão 4;Tarde;16:30;Ciências Exatas;PA-09;2;24ª - ENEC;202626380;Formação de Agentes de Promoção da Saúde, Ciência, Cultura e Cidadania nas Escolas e Planejamento Participativo em Saúde/educação;RAFAEL GOMES DITTERICH;Saúde;Comunicação Oral
Quinta-feira;Sessão 4;Tarde;16:50;Ciências Exatas;PA-09;3;24ª - ENEC;202623438;Fortalecimento do Cuidado de Enfermagem Gerontogeriátrico: Saúde 60+;KARINA SILVEIRA DE ALMEIDA HAMMERSCHMIDT;Saúde;Comunicação Oral
Quinta-feira;Sessão 4;Tarde;17:10;Ciências Exatas;PA-09;4;24ª - ENEC;202625238;Fotobiomodulação;MELISSA RODRIGUES DE ARAUJO;Saúde;Comunicação Oral
Quinta-feira;Sessão 5;Noite;19:00;Ciências Exatas;PA-04;1;24ª - ENEC;202625753;Futebol na Ufpr: Prática Esportiva e Integração Comunitária;ANDRE FELIPE CAREGNATO;Saúde;Comunicação Oral
Quinta-feira;Sessão 5;Noite;19:20;Ciências Exatas;PA-04;2;24ª - ENEC;202625421;Grupo de Pesquisa, Ensino e Extensão em Cunicultura - Gpeecuni;RAFAEL HENRIQUE PRADO SILVA;Saúde;Comunicação Oral
Quinta-feira;Sessão 5;Noite;19:40;Ciências Exatas;PA-04;3;24ª - ENEC;202625678;Hematoescola: Pequenas Gotinhas, Grandes Aprendizados – Práticas Laboratoriais e Educativas em Escolas Municipais;JULIANA SPEZIA GONZALES SILVA;Saúde;Comunicação Oral
Quinta-feira;Sessão 5;Noite;20:00;Ciências Exatas;PA-04;4;24ª - ENEC;202626406;Humanização em Cirurgia Pediátrica - Medinfância;MARCELO MARCONDES STEGANI;Saúde;Comunicação Oral
Quinta-feira;Sessão 5;Noite;19:00;Ciências Exatas;PA-05;1;24ª - ENEC;202626390;Investigação Molecular em Anatomia Patológica;LILIAN PEREIRA FERRARI;Saúde;Comunicação Oral
Quinta-feira;Sessão 5;Noite;19:20;Ciências Exatas;PA-05;2;24ª - ENEC;202625714;Laboratório Acadêmico em Alimentação e Nutrição Escolar - Labane;CAROLINE OPOLSKI MEDEIROS;Saúde;Comunicação Oral
Quinta-feira;Sessão 5;Noite;19:40;Ciências Exatas;PA-05;3;24ª - ENEC;202623700;Laboratório Social de Promocao e Vigilancia em Saúde no Ambito do Ensino Superior;MIRIAM APARECIDA NIMTZ;Saúde;Comunicação Oral
Quinta-feira;Sessão 5;Noite;20:00;Ciências Exatas;PA-05;4;24ª - ENEC;202623278;Laboratório de Popularização das Ciências da Saúde 2025-2026;LUCIANA SCHLEDER GONCALVES;Saúde;Comunicação Oral
Quinta-feira;Sessão 5;Noite;19:00;Ciências Exatas;PA-07;1;24ª - ENEC;202625402;Laboratório de Práticas em Alimentação Coletiva e Segurança dos Alimentos;LIZE STANGARLIN FIORI;Saúde;Comunicação Oral
Quinta-feira;Sessão 5;Noite;19:20;Ciências Exatas;PA-07;2;24ª - ENEC;202625276;Liga Acadêmica de Dentística da Ufpr (laden-ufpr);GISELE MARIA CORRER NOLASCO;Saúde;Comunicação Oral
Quinta-feira;Sessão 5;Noite;19:40;Ciências Exatas;PA-07;3;24ª - ENEC;202625451;Liga Acadêmica de Ginecologia e Obstetrícia e a Saúde da Mulher - Fase 4;JAN PAWEL ANDRADE PACHNICKI;Saúde;Comunicação Oral
Quinta-feira;Sessão 5;Noite;20:00;Ciências Exatas;PA-07;4;24ª - ENEC;202625045;Liga Acadêmica de Harmonização Orofacial da Ufpr (lahof-ufpr);MICHELLE SANTOS VIANNA LARA;Saúde;Comunicação Oral
Quinta-feira;Sessão 5;Noite;19:00;Ciências Exatas;PA-08;1;24ª - ENEC;202625807;Liga Acadêmica de Neonatologia Canguru (languru);MARCIA HELENA DE SOUZA FREIRE;Saúde;Comunicação Oral
Quinta-feira;Sessão 5;Noite;19:20;Ciências Exatas;PA-08;2;24ª - ENEC;202626399;Liga Acadêmica de Neurociências da Ufpr - Neuroliga;RENATA DAL PRA DUCCI;Saúde;Comunicação Oral
Quinta-feira;Sessão 5;Noite;19:40;Ciências Exatas;PA-08;3;24ª - ENEC;202625627;Liga Acadêmica de Neuropsicologia (lanp-ufpr): 2024-2026;AMER CAVALHEIRO HAMDAN;Saúde;Comunicação Oral
Quinta-feira;Sessão 5;Noite;20:00;Ciências Exatas;PA-08;4;24ª - ENEC;202626127;Liga Acadêmica de Nutrição Clínica - Lanc/ Ufpr;CIBELE PEREIRA KOPRUSZYNSKI;Saúde;Comunicação Oral
Quinta-feira;Sessão 5;Noite;19:00;Ciências Exatas;PA-09;1;24ª - ENEC;202626102;Liga Acadêmica de Nutrição Esportiva - Lane;RENATA LABRONICI BERTIN;Saúde;Comunicação Oral
Quinta-feira;Sessão 5;Noite;19:20;Ciências Exatas;PA-09;2;24ª - ENEC;202626362;Liga Acadêmica de Ortodontia da Ufpr (lac-orto Ufpr);RICARDO CESAR MORESCA;Saúde;Comunicação Oral
Sexta-feira;Sessão 1;Manhã;08:20;Ciências da Terra;CT06;1;24ª - ENEC;202625915;Liga Acadêmica de Pediatria Interdisciplinar (lapedi);MARCIA HELENA DE SOUZA FREIRE;Saúde;Comunicação Oral
Quinta-feira;Sessão 5;Noite;19:40;Ciências Exatas;PA-09;3;24ª - ENEC;202623087;"Liga Acadêmica de Periodontia ""professora Marilia Compagnoni Martins"" - Lap Ufpr";JOAO PAULO STEFFENS;Saúde;Comunicação Oral
Quinta-feira;Sessão 5;Noite;20:00;Ciências Exatas;PA-09;4;24ª - ENEC;202625640;Liga Acadêmica de Prótese e Reabilitação Oral da Ufpr (lapro-ufpr);THALITA DE PARIS MATOS BRONHOLO;Saúde;Comunicação Oral
Sexta-feira;Sessão 1;Manhã;08:40;Ciências da Terra;CT06;2;24ª - ENEC;202625020;Liga Acadêmica de Saúde Baseada em Evidências;FERNANDA TOMIOTTO PELLISSIER;Saúde;Comunicação Oral
Sexta-feira;Sessão 1;Manhã;09:00;Ciências da Terra;CT06;3;24ª - ENEC;202625798;Liga Acadêmica de Saúde Lgbtqia+ (lias+);MARCOS CLAUDIO SIGNORELLI;Saúde;Comunicação Oral
Sexta-feira;Sessão 1;Manhã;09:20;Ciências da Terra;CT06;4;24ª - ENEC;202626051;Liga Acadêmica de Segurança Alimentar e Nutricional da Universidade Federal do Paraná - Lasan/ufpr;REGINA MARIA FERREIRA LANG;Saúde;Comunicação Oral
Sexta-feira;Sessão 1;Manhã;08:20;Ciências Exatas;PA-03;1;24ª - ENEC;202625677;Liga Acadêmica do Brazilian Home Enteral Nutrition (liga do Bhen) – 2ª Edição;RUBIA DANIELA THIEME;Saúde;Comunicação Oral
Sexta-feira;Sessão 1;Manhã;08:40;Ciências Exatas;PA-03;2;24ª - ENEC;202625937;Liga Acadêmica em Análises Clínicas da Ufpr _laac;ALINE BORSATO HAUSER;Saúde;Comunicação Oral
Sexta-feira;Sessão 1;Manhã;09:00;Ciências Exatas;PA-03;3;24ª - ENEC;202625685;Liga Acadêmica em Fisioterapia Hospitalar;ARLETE ANA MOTTER;Saúde;Comunicação Oral
Sexta-feira;Sessão 1;Manhã;09:20;Ciências Exatas;PA-03;4;24ª - ENEC;202626318;Medicamento com Conhecimento: Doses de Informação para Um Uso Seguro;CAMILA KLOCKER COSTA;Saúde;Comunicação Oral
Sexta-feira;Sessão 2;Manhã;10:30;Ciências da Terra;CT03;1;24ª - ENEC;202626145;Medicina de Abrigos;RITA DE CASSIA MARIA GARCIA;Saúde;Comunicação Oral
Sexta-feira;Sessão 2;Manhã;10:50;Ciências da Terra;CT03;2;24ª - ENEC;202625973;Move - Movimentos Migratórios e Psicologia;ELAINE CRISTINA SCHMITT RAGNINI;Saúde;Comunicação Oral
Sexta-feira;Sessão 2;Manhã;11:10;Ciências da Terra;CT03;3;24ª - ENEC;202625971;Neuropsicologia e Doenças Cronicas: Qualidade de Vida e Inclusão;ANA PAULA ALMEIDA DE PEREIRA;Saúde;Comunicação Oral
Sexta-feira;Sessão 2;Manhã;11:30;Ciências da Terra;CT03;4;24ª - ENEC;202625013;Núcleo de Apoio Técnico Judiciário - Saúde Baseada em Evidências na Indicação de Medicamentos;FERNANDA TOMIOTTO PELLISSIER;Saúde;Comunicação Oral
Sexta-feira;Sessão 3;Tarde;14:00;Ciências da Terra;CT02;1;24ª - ENEC;202626185;Observatório do Uso de Agrotóxicos e Consequências para a Saúde Humana e Ambiental no Paraná (fase 3);MARILIA PINTO FERREIRA MURATA;Saúde;Comunicação Oral
Sexta-feira;Sessão 3;Tarde;14:20;Ciências da Terra;CT02;2;24ª - ENEC;202626379;Odontopop - Atenção À Saúde Bucal À Populações Vulnerabilizadas: População em Situação de Rua, População Privada de Liberdade e Adolescentes em Conflito com a Lei;RAFAEL GOMES DITTERICH;Saúde;Comunicação Oral
Sexta-feira;Sessão 3;Tarde;14:40;Ciências da Terra;CT02;3;24ª - ENEC;202625489;Patas Seguras: Engenharia Aplicada na Segurança do Agility;KARIN GRAF;Saúde;Comunicação Oral
Sexta-feira;Sessão 3;Tarde;15:00;Ciências da Terra;CT02;4;24ª - ENEC;202626062;Peixe Vivo: Acolhimento a Crianças Enlutadas;JOANNELIESE DE LUCAS FREITAS;Saúde;Comunicação Oral
Sexta-feira;Sessão 1;Manhã;08:20;Ciências Exatas;PA-04;1;24ª - ENEC;202625943;Plantando Conhecimento - 3° Ano;THALITA GILDA SANTOS;Saúde;Comunicação Oral
Sexta-feira;Sessão 1;Manhã;08:40;Ciências Exatas;PA-04;2;24ª - ENEC;202622842;Por Que Ainda o Hospital Psiquiátrico? Contribuições Históricas para Uma Compreensão Situada;ADRIANO FURTADO HOLANDA;Saúde;Comunicação Oral
Sexta-feira;Sessão 1;Manhã;09:00;Ciências Exatas;PA-04;3;24ª - ENEC;202625895;Prevenção e Promoção da Saúde em Comunidades;NEWTON SERGIO DE CARVALHO;Saúde;Comunicação Oral
Sexta-feira;Sessão 4;Tarde;16:10;Ciências da Terra;CT02;1;24ª - ENEC;202623077;Projeto Boca Aberta Ii;ANTONIO ADILSON SOARES DE LIMA;Saúde;Comunicação Oral
Sexta-feira;Sessão 1;Manhã;09:20;Ciências Exatas;PA-04;4;24ª - ENEC;202626421;Projeto Encantol: Humanização Hospitalar Através do Encanto e do Lúdico;CAROLINA TALINI;Saúde;Comunicação Oral
Sexta-feira;Sessão 4;Tarde;16:30;Ciências da Terra;CT02;2;24ª - ENEC;202625595;Projeto Fisioteen Dermatofuncional Disponibiliza Atendimento Fisioterapêutico À Adolescentes com Acne e Estrias;RACIELE IVANDRA GUARDA KORELO;Saúde;Comunicação Oral
Sexta-feira;Sessão 4;Tarde;16:50;Ciências da Terra;CT02;3;24ª - ENEC;202626216;Projeto Medepigen: Desenho de Estratégias de Medicina Preventiva para o Perfil Genético-epidemiológico da Síndrome Metabólica;ANGELICA BEATE WINTER BOLDT;Saúde;Comunicação Oral
Sexta-feira;Sessão 4;Tarde;17:10;Ciências da Terra;CT02;4;24ª - ENEC;202625941;Projeto Rita: Reabilitação, Inclusão e Tecnologia Assistiva;PALOMA HOHMANN POIER;Saúde;Comunicação Oral
Sexta-feira;Sessão 1;Manhã;08:20;Ciências Exatas;PA-05;1;24ª - ENEC;202626428;Projeto de Treinamento em Esportes - Esporte e Ação - 23/26;LUIZ SAVIO MONTEIRO DE ALMEIDA;Saúde;Comunicação Oral
Sexta-feira;Sessão 1;Manhã;08:40;Ciências Exatas;PA-05;2;24ª - ENEC;202624182;Promoção e Prevenção de Doenças Crônicas e Agudas nas Populações das Ilhas do Litoral Paranaense;MARILENE LOEWEN WALL;Saúde;Comunicação Oral
Sexta-feira;Sessão 1;Manhã;09:00;Ciências Exatas;PA-05;3;24ª - ENEC;202626035;Promoção e Vigilância em Saúde À Pessoa Vivendo com Hiv/aids e À Pessoa em Áreabilitação Psicossocial;KARIANE GOMES CEZARIO ROSCOCHE;Saúde;Comunicação Oral
Sexta-feira;Sessão 1;Manhã;09:20;Ciências Exatas;PA-05;4;24ª - ENEC;202625970;Psiplural: Cuidado em Saúde Mental para População Lgbtqiapn+;MILENE SANTIAGO NASCIMENTO;Saúde;Comunicação Oral
Sexta-feira;Sessão 1;Manhã;08:20;Ciências Exatas;PA-07;1;24ª - ENEC;202625727;Radiação X - Odontologia;THAYS REGINA FERREIRA DA COSTA;Saúde;Comunicação Oral
Sexta-feira;Sessão 2;Manhã;10:30;Ciências da Terra;CT05;1;24ª - ENEC;202626316;Rastáreamento e Ações de Educação em Saúde Promovidas Pela Farmácia Escola;CAMILA KLOCKER COSTA;Saúde;Comunicação Oral
Sexta-feira;Sessão 1;Manhã;08:40;Ciências Exatas;PA-07;2;24ª - ENEC;202626376;Renovaparticipasus - Movimento Estudantil na Atuação do Controle Social na Saúde;RAFAEL GOMES DITTERICH;Saúde;Comunicação Oral
Sexta-feira;Sessão 1;Manhã;09:00;Ciências Exatas;PA-07;3;24ª - ENEC;202626401;Revista Cogitare Enfermagem;LUCIANA PUCHALSKI KALINKE;Saúde;Comunicação Oral
Sexta-feira;Sessão 1;Manhã;09:20;Ciências Exatas;PA-07;4;24ª - ENEC;202626260;Revitalização do Acervo de Anatomia Patológica;LILIAN PEREIRA FERRARI;Saúde;Comunicação Oral
Sexta-feira;Sessão 2;Manhã;10:50;Ciências da Terra;CT05;2;24ª - ENEC;202623430;Samdof Ii: Diagnóstico e Tratamento Multidisciplinar em Dor Orofacial e Distúrbios do Sono.;PRISCILA BRENNER HILGENBERG SYDNEY;Saúde;Comunicação Oral
Sexta-feira;Sessão 3;Tarde;14:00;Ciências da Terra;CT03;1;24ª - ENEC;202623296;Saúde Bucal Inclusiva - Sbi;YASMINE MENDES PUPO;Saúde;Comunicação Oral
Sexta-feira;Sessão 2;Manhã;11:10;Ciências da Terra;CT05;3;24ª - ENEC;202625189;Saúde Bucal para a População 60+ /espaço Conviver 60+;MARIA ISABEL ANASTACIO FARIA;Saúde;Comunicação Oral
Sexta-feira;Sessão 2;Manhã;11:30;Ciências da Terra;CT05;4;24ª - ENEC;202625681;Saúde Pelo Movimento: Corpo Saudável e Qualidade de Vida;KARIN VIANA WEISSHEIMER;Saúde;Comunicação Oral
Sexta-feira;Sessão 3;Tarde;14:20;Ciências da Terra;CT03;2;24ª - ENEC;202625632;Saúde do Trabalhador e Ergonomia: Compreender os Sistemas de Trabalho para Melhorar a Saúde, Segurança e Conforto dos Trabalhadores;ELIANA REMOR TEIXEIRA;Saúde;Comunicação Oral
Sexta-feira;Sessão 3;Tarde;14:40;Ciências da Terra;CT03;3;24ª - ENEC;202626117;Saúde e Trabalho;EDEVAR DANIEL;Saúde;Comunicação Oral
Sexta-feira;Sessão 3;Tarde;15:00;Ciências da Terra;CT03;4;24ª - ENEC;202626295;Saúde em Movimento: Ações Integradas de Educação em Saúde e Promoção da Atividade Física para Pessoas Idosas.;PAULO CESAR BARAUCE BENTO;Saúde;Comunicação Oral
Sexta-feira;Sessão 1;Manhã;08:20;Ciências Exatas;PA-08;1;24ª - ENEC;202624006;Saúde na Mesa: a Importância dos Alimentos para Prevenção de Doenças;TATIANE PRETTE KUZNIER;Saúde;Comunicação Oral
Sexta-feira;Sessão 2;Manhã;10:30;Ciências da Terra;CT06;1;24ª - ENEC;202626427;Saúde, Bem-estar e Música!;LUIZ SAVIO MONTEIRO DE ALMEIDA;Saúde;Comunicação Oral
Sexta-feira;Sessão 1;Manhã;08:40;Ciências Exatas;PA-08;2;24ª - ENEC;202623440;Saúde-on Ouvidor Pardinho;KARINA SILVEIRA DE ALMEIDA HAMMERSCHMIDT;Saúde;Comunicação Oral
Sexta-feira;Sessão 1;Manhã;09:00;Ciências Exatas;PA-08;3;24ª - ENEC;202626101;Segurança dos Alimentos no Contexto da Saúde Única: Ações na Região Metropolitana de Curitiba;MARCIA OLIVEIRA LOPES;Saúde;Comunicação Oral
Sexta-feira;Sessão 2;Manhã;10:50;Ciências da Terra;CT06;2;24ª - ENEC;202624000;Semeando Saúde no Trabalho;ARLETE ANA MOTTER;Saúde;Comunicação Oral
Sexta-feira;Sessão 1;Manhã;09:20;Ciências Exatas;PA-08;4;24ª - ENEC;202623088;Simulação Realística em Odontologia na Ufpr;ANA PAULA GEBERT DE OLIVEIRA FRANCO;Saúde;Comunicação Oral
Sexta-feira;Sessão 2;Manhã;11:10;Ciências da Terra;CT06;3;24ª - ENEC;202625706;Transformando a Saúde Bucal com Radiologia Digital;JOSE VINICIUS BOLOGNESI MACIEL;Saúde;Comunicação Oral
Sexta-feira;Sessão 2;Manhã;11:30;Ciências da Terra;CT06;4;24ª - ENEC;202626419;Ufpr na Conscientização de Estratégias de Prevenção a Neoplasias;PATRICIA SAVIO DE ARAUJO SOUZA;Saúde;Comunicação Oral
Sexta-feira;Sessão 1;Manhã;08:20;Ciências Exatas;PA-09;1;24ª - ENEC;202625454;Ultralab – Prática da Ultrassonografia a Beira Leito por Enfermeiros;VANESSA BERTOGLIO COMASSETTO ANTUNES DE OLIVEIRA;Saúde;Comunicação Oral
Sexta-feira;Sessão 2;Manhã;10:30;Ciências Exatas;PA-03;1;24ª - ENEC;202623447;Universidade Aberta da Maturidade: o Acesso À Universidade Como Direito Humano (fase 4);KARINA SILVEIRA DE ALMEIDA HAMMERSCHMIDT;Saúde;Comunicação Oral
Sexta-feira;Sessão 3;Tarde;14:00;Ciências da Terra;CT05;1;24ª - ENEC;202623443;Universidade Federal do Paraná Como Age-friendly University;KARINA SILVEIRA DE ALMEIDA HAMMERSCHMIDT;Saúde;Comunicação Oral
Sexta-feira;Sessão 1;Manhã;08:40;Ciências Exatas;PA-09;2;24ª - ENEC;202625923;Vivências em Síndrome de Down 3;BEATRIZ ELIZABETH BAGATIN VELEDA BERMUDEZ;Saúde;Comunicação Oral
Sexta-feira;Sessão 1;Manhã;09:00;Ciências Exatas;PA-09;3;24ª - ENEC;202625647;Zikabus Labmóvel;RODRIGO ARANTES REIS;Saúde;Comunicação Oral
Sexta-feira;Sessão 2;Manhã;10:50;Ciências Exatas;PA-03;2;24ª - ENEC;202625968;“ilé Ìyá”: Tecendo Caminhos de Cuidado, Força e Reexistência de Mulheres Negras na Universidade a Partir da Mitologia Yorubá;MILENE SANTIAGO NASCIMENTO;Saúde;Comunicação Oral
Sexta-feira;Sessão 1;Manhã;09:20;Ciências Exatas;PA-09;4;24ª - ENEC;202625966;“saúde Sexual em Foco: Conscientização e Prevenção”;FERNANDA SCHIER DE FRAGA;Saúde;Comunicação Oral
Sexta-feira;Sessão 2;Manhã;11:10;Ciências Exatas;PA-03;3;7ª - EDISPE;202624815;Abordagem das Dermatoses Mais Comuns na Trissomia 21;BEATRIZ ELIZABETH BAGATIN VELEDA BERMUDEZ;Saúde;Comunicação Oral
Sexta-feira;Sessão 2;Manhã;11:30;Ciências Exatas;PA-03;4;7ª - EDISPE;202626269;Atividades da Liga de Saúde Indígena da Ufpr - Parte 1;CAMILA GIRARDI FACHIN;Saúde;Comunicação Oral
Sexta-feira;Sessão 3;Tarde;14:20;Ciências da Terra;CT05;2;7ª - EDISPE;202626271;Atividades da Liga de Saúde Indígena da Ufpr - Parte 2;CAMILA GIRARDI FACHIN;Saúde;Comunicação Oral
Sexta-feira;Sessão 3;Tarde;14:40;Ciências da Terra;CT05;3;7ª - EDISPE;202626254;Avaliação das Concentrações de Citocinas Plasmáticas em Parturientes com Dificuldade no Processo de Lactação.;LILIAN PEREIRA FERRARI;Saúde;Comunicação Oral
Sexta-feira;Sessão 3;Tarde;15:00;Ciências da Terra;CT05;4;7ª - EDISPE;202624321;Ações Pedagógicas na Educação Física para Pessoas Idosas;ROSECLER VENDRUSCOLO;Saúde;Comunicação Oral
Sexta-feira;Sessão 3;Tarde;14:00;Ciências da Terra;CT06;1;7ª - EDISPE;202626259;Conhecimento, Atitudes e Práticas Sobre Esporotricose em Pontal do Paraná: Uma Análise Sob a Perspectiva da Vigilância em Saúde;SOLENA ZIEMER KUSMA FIDALSKI;Saúde;Comunicação Oral
Sexta-feira;Sessão 3;Tarde;14:20;Ciências da Terra;CT06;2;7ª - EDISPE;202623943;Departamento de Clinica Médica e Graduação Além dos Muros do Chc;CLAUDIA ALEXANDRA PONTES IVANTES;Saúde;Comunicação Oral
Sexta-feira;Sessão 3;Tarde;14:40;Ciências da Terra;CT06;3;7ª - EDISPE;202625866;Doença Osteo-metabólica e Insuficiência Exócrinas Pancreática.avaliação da Densidade Mineral Óssea em Pacientes do Complexo Hospital de Clínicas da Universidade Federal do Paraná;RAQUEL CANZI ALMADA DE SOUZA;Saúde;Comunicação Oral
Sexta-feira;Sessão 3;Tarde;15:00;Ciências da Terra;CT06;4;7ª - EDISPE;202626299;Doenças Prevalentes nos Povos Indígenas de São Gabriel da Cachoeira/am;FRANCINE ROCHA;Saúde;Comunicação Oral
Sexta-feira;Sessão 2;Manhã;10:30;Ciências Exatas;PA-04;1;7ª - EDISPE;202625628;Envelhesendo: Velhices e Interseccionalidades;LUCELIA JUSTINO BORGES;Saúde;Comunicação Oral
Sexta-feira;Sessão 2;Manhã;10:50;Ciências Exatas;PA-04;2;7ª - EDISPE;202625554;Estudos de Inovação em Saúde na Fisioterapia;MARIA GORETTI FERNANDES;Saúde;Comunicação Oral
Sexta-feira;Sessão 2;Manhã;11:10;Ciências Exatas;PA-04;3;7ª - EDISPE;202623858;Frequência de Dermatoses em Crianças Atendidas em Um Hospital Universitário;VANIA OLIVEIRA DE CARVALHO;Saúde;Comunicação Oral
Sexta-feira;Sessão 2;Manhã;11:30;Ciências Exatas;PA-04;4;7ª - EDISPE;202626126;Liga Acadêmica de Dermatologia do Hospital de Clínicas;MAIRA MITSUE MUKAI NEGUISHI;Saúde;Comunicação Oral
Sexta-feira;Sessão 2;Manhã;10:30;Ciências Exatas;PA-05;1;7ª - EDISPE;202626224;Medicina Veterinária Social;ROBERTA CARARETO;Saúde;Comunicação Oral
Sexta-feira;Sessão 2;Manhã;10:50;Ciências Exatas;PA-05;2;7ª - EDISPE;202626221;Medicina Veterinária do Coletivo;RENATO SILVA DE SOUSA;Saúde;Comunicação Oral
Sexta-feira;Sessão 2;Manhã;11:10;Ciências Exatas;PA-05;3;7ª - EDISPE;202625744;Os Caminhos da Cura: Arte e Medicina do Povo Pankararu/pe;FRANCINE ROCHA;Saúde;Comunicação Oral
Sexta-feira;Sessão 2;Manhã;11:30;Ciências Exatas;PA-05;4;7ª - EDISPE;202626233;Percepções na Terra Indígena Rio das Cobras/pr: Um Diálogo Entre Epistemologias e Demandas Indígenas;NILSE CHIAPETTI;Saúde;Comunicação Oral
Sexta-feira;Sessão 3;Tarde;14:00;Ciências Exatas;PA-03;1;7ª - EDISPE;202626209;Políticas de Saúde Mental Indígena na Perspectiva da Comunidade Kaingang da Terra Indígena Nonoai/rsonoai/rs;NILSE CHIAPETTI;Saúde;Comunicação Oral
Sexta-feira;Sessão 3;Tarde;14:20;Ciências Exatas;PA-03;2;7ª - EDISPE;202625984;Prevalência de Depressão Perinatal em Gestantes com Hiv e Histórico de Experiências Estressoras: Estudo em Uma Maternidade do Sul do Brasil;SARAH CRISTINA ZANGHELLINI RUCKL;Saúde;Comunicação Oral
Sexta-feira;Sessão 3;Tarde;14:40;Ciências Exatas;PA-03;3;7ª - EDISPE;202623044;Programa Cirurgilhas Reduzindo Desigualdades no Acesso a Saude.;SILVANIA KLUG PIMENTEL;Saúde;Comunicação Oral
Sexta-feira;Sessão 3;Tarde;15:00;Ciências Exatas;PA-03;4;7ª - EDISPE;202625810;Práticas Alimentares e Promoção da Segurança Alimentar e Nutricional de Crianças Indígenas Mbyá-guarani na Aldeia Araça’í, Piraquara/pr;REGINA MARIA FERREIRA LANG;Saúde;Comunicação Oral
Sexta-feira;Sessão 2;Manhã;10:30;Ciências Exatas;PA-07;1;7ª - EDISPE;202623656;Revisão de Prontuários de Parturientes com Dificuldade no Processo de Lactação;LILIAN PEREIRA FERRARI;Saúde;Comunicação Oral
Sexta-feira;Sessão 4;Tarde;16:10;Ciências da Terra;CT03;1;7ª - EDISPE;202626192;Saúde Integral de Populações Indígenas no Brasil;MARILIA PINTO FERREIRA MURATA;Saúde;Comunicação Oral
Segunda-feira;Sessão 4;Tarde;16:30;Ciências da Terra;CT02;2;7ª - EDISPE;202626188;Saúde Mental de Populações Vulneráveis;MARILIA PINTO FERREIRA MURATA;Saúde;Comunicação Oral
Segunda-feira;Sessão 4;Tarde;16:50;Ciências da Terra;CT02;3;7ª - EDISPE;202625742;Violência Contra Mulheres Indígenas no Brasil;FRANCINE ROCHA;Saúde;Comunicação Oral
Sexta-feira;Sessão 4;Tarde;16:30;Ciências da Terra;CT03;2;7ª - EDISPE;202626301;"“saúde Indígena na Educação Médica: os Cursos de Medicina Preparam os Profissionais para Uma Atuação Intercultural Que Respeite e Atenda Às Necessidades das Comunidades Indígenas?""";FRANCINE ROCHA;Saúde;Comunicação Oral
Segunda-feira;Sessão 4;Tarde;17:10;Ciências da Terra;CT03;4;24ª - EAF;202625812;Estimativa da Evapotranspiração de Referência Diária e Horária com o Método de Penman‑monteith em Planilha Eletrônica;JORGE LUIZ MORETTI DE SOUZA;Tecnologia e Produção;Comunicação Oral
Sexta-feira;Sessão 2;Manhã;10:30;Ciências Exatas;PA-08;1;24ª - EAF;202624171;Levantamento de Modelos e Desenvolvimento de Rotinas Computacionais para Estimativa da Evaporação da Água no Solo;JORGE LUIZ MORETTI DE SOUZA;Tecnologia e Produção;Comunicação Oral
Sexta-feira;Sessão 2;Manhã;10:50;Ciências Exatas;PA-08;2;24ª - EAF;202625203;A Madeira Mágica;RUI ANDRE MAGGI DOS ANJOS;Tecnologia e Produção;Comunicação Oral
Sexta-feira;Sessão 2;Manhã;11:10;Ciências Exatas;PA-08;3;24ª - EAF;202626164;Arisag - Acolhimento Ao Recém Ingresso e Suporte À Graduação;HORACIO TERTULIANO DOS SANTOS FILHO;Tecnologia e Produção;Comunicação Oral
Sexta-feira;Sessão 3;Tarde;14:00;Ciências Exatas;PA-04;1;24ª - EAF;202625192;Concurso de Pontes de Palito de Sorvete;RUI ANDRE MAGGI DOS ANJOS;Tecnologia e Produção;Comunicação Oral
Sexta-feira;Sessão 2;Manhã;11:30;Ciências Exatas;PA-08;4;24ª - EAF;202625232;Desafio Civil 2026;MARIENNE DO ROCIO DE MELLO MARON DA COSTA;Tecnologia e Produção;Comunicação Oral
Sexta-feira;Sessão 3;Tarde;14:20;Ciências Exatas;PA-04;2;24ª - EAF;202626173;Fablab Iniciativa em Prototipagem, Modelagem 3d, Corte a Laser e Confecção de Placas no Grupo Pet Engenharia Elétrica Ufpr;HORACIO TERTULIANO DOS SANTOS FILHO;Tecnologia e Produção;Comunicação Oral
Sexta-feira;Sessão 3;Tarde;14:40;Ciências Exatas;PA-04;3;24ª - EAF;202625900;Formação Complementar na Engenharia Química - Peteq Ufpr;VITOR RENAN DA SILVA;Tecnologia e Produção;Comunicação Oral
Sexta-feira;Sessão 3;Tarde;15:00;Ciências Exatas;PA-04;4;24ª - EAF;202624747;Formulação de Argamassas por Empacotamento de Partículas;MARIENNE DO ROCIO DE MELLO MARON DA COSTA;Tecnologia e Produção;Comunicação Oral
Sexta-feira;Sessão 2;Manhã;10:30;Ciências Exatas;PA-09;1;24ª - EAF;202625648;Integração Raspberry Pi e Rfid;LUIZ CARLOS PESSOA ALBINI;Tecnologia e Produção;Comunicação Oral
Sexta-feira;Sessão 4;Tarde;16:10;Ciências da Terra;CT05;1;24ª - EAF;202625368;Lumber Games Como Um Recurso de Integração Acadêmica do Curso de Engenharia Industrial Madeireira;RUI ANDRE MAGGI DOS ANJOS;Tecnologia e Produção;Comunicação Oral
Segunda-feira;Sessão 4;Tarde;17:10;Ciências da Terra;CT02;4;24ª - EAF;202625389;Materiais Impressos do Pet;RUI ANDRE MAGGI DOS ANJOS;Tecnologia e Produção;Comunicação Oral
Segunda-feira;Sessão 5;Noite;19:40;Ciências da Terra;CT05;3;24ª - EAF;202626358;Pet Madeireira - Feira Universo Ufpr;RUI ANDRE MAGGI DOS ANJOS;Tecnologia e Produção;Comunicação Oral
Terça-feira;Sessão 1;Manhã;09:20;Ciências da Terra;CT02;4;24ª - EAF;202625375;Pet Resgata;RUI ANDRE MAGGI DOS ANJOS;Tecnologia e Produção;Comunicação Oral
Terça-feira;Sessão 3;Tarde;14:40;Ciências da Terra;CT02;3;24ª - EAF;202625177;Pet nas Redes Sociais;RUI ANDRE MAGGI DOS ANJOS;Tecnologia e Produção;Comunicação Oral
Segunda-feira;Sessão 5;Noite;20:00;Ciências da Terra;CT05;4;24ª - EAF;202626167;Projeto Iopro: Iniciativas em Programação, Ia, Iot e Redes;HORACIO TERTULIANO DOS SANTOS FILHO;Tecnologia e Produção;Comunicação Oral
Terça-feira;Sessão 3;Tarde;15:00;Ciências da Terra;CT02;4;24ª - EAF;202625722;A Monitoria na Disciplina de Adubos, Adubações e Reciclagem de Nutrientes Como Ferramenta de Formação Acadêmica e Profissional;LUIZ ANTONIO CORREA LUCCHESI;Tecnologia e Produção;Comunicação Oral
Sexta-feira;Sessão 2;Manhã;10:50;Ciências Exatas;PA-09;2;24ª - EAF;202625838;Monitoria de Representação 3d - Desenvolvimento de Xiloteca Didática;GABRIEL CHEMIN ROSENMANN;Tecnologia e Produção;Comunicação Oral
Sexta-feira;Sessão 4;Tarde;16:30;Ciências da Terra;CT05;2;24ª - EAF;202625854;Monitoria de Representação 3d I - Vídeo-tutoriais Sobre Estruturas em Papel;GABRIEL CHEMIN ROSENMANN;Tecnologia e Produção;Comunicação Oral
Sexta-feira;Sessão 2;Manhã;11:10;Ciências Exatas;PA-09;3;24ª - EAF;202625726;Monitoria: Estratégia de Apoio Ao Aprendizado a Disciplina Química e Fertilidade .;LUIZ ANTONIO CORREA LUCCHESI;Tecnologia e Produção;Comunicação Oral
Sexta-feira;Sessão 2;Manhã;11:30;Ciências Exatas;PA-09;4;24ª - ENEC;202623158;Aceleradora de Talentos: Carreira, Soft Skills, Portfólio e Formação T-shaped;ANDRE BELLIN MARIANO;Tecnologia e Produção;Comunicação Oral
Sexta-feira;Sessão 4;Tarde;16:50;Ciências da Terra;CT05;3;24ª - ENEC;202626153;Aurora;JULIETE SILVA NEVES;Tecnologia e Produção;Comunicação Oral
Sexta-feira;Sessão 4;Tarde;17:10;Ciências da Terra;CT05;4;24ª - ENEC;202624769;Eco Competições: Desenvolvimento Tecnológico e Eficiência Energética 2026;SEBASTIAO RIBEIRO JUNIOR;Tecnologia e Produção;Comunicação Oral
Sexta-feira;Sessão 3;Tarde;14:00;Ciências Exatas;PA-05;1;24ª - ENEC;202623190;Inovação e Desenvolvimento Territorial;VICTOR MANOEL PELAEZ ALVAREZ;Tecnologia e Produção;Comunicação Oral
Sexta-feira;Sessão 3;Tarde;14:20;Ciências Exatas;PA-05;2;24ª - ENEC;202623156;Programa Iniciativa Startup Experience: Criação de Startups Acadêmicas e Formação Empreendedora;ANDRE BELLIN MARIANO;Tecnologia e Produção;Comunicação Oral
Sexta-feira;Sessão 3;Tarde;14:40;Ciências Exatas;PA-05;3;24ª - ENEC;202624842;Programa de Extensão de Cana-de-açúcar e Derivados;CLAUDETE REISDORFER LANG;Tecnologia e Produção;Comunicação Oral
Sexta-feira;Sessão 3;Tarde;15:00;Ciências Exatas;PA-05;4;24ª - ENEC;202626325;Agrárias em Ação;AMANDA MASSANEIRA DE SOUZA SCHUNTZEMBERGER;Tecnologia e Produção;Comunicação Oral
Sexta-feira;Sessão 3;Tarde;14:00;Ciências Exatas;PA-07;1;24ª - ENEC;202626408;Apoio Ao Ensino;LIA YAMAMOTO;Tecnologia e Produção;Comunicação Oral
Sexta-feira;Sessão 3;Tarde;14:20;Ciências Exatas;PA-07;2;24ª - ENEC;202625800;Aprendendo e Ensinando: Discentes na Engenharia, Docentes nos Cursos Técnicos 2;ALBERTO TADEU MARTINS CARDOSO;Tecnologia e Produção;Comunicação Oral
Sexta-feira;Sessão 3;Tarde;14:40;Ciências Exatas;PA-07;3;24ª - ENEC;202626243;Cajufpr: Clube de Desenvolvimento de Jogos;GUILHERME ALEX DERENIEVICZ;Tecnologia e Produção;Comunicação Oral
Sexta-feira;Sessão 3;Tarde;15:00;Ciências Exatas;PA-07;4;24ª - ENEC;202626423;Capivoa Eletroquad Ufpr;EDSON JOSE PACHECO;Tecnologia e Produção;Comunicação Oral
Sexta-feira;Sessão 4;Tarde;16:10;Ciências da Terra;CT06;1;24ª - ENEC;202623152;Ciência para Todos Iii;ANDRE BELLIN MARIANO;Tecnologia e Produção;Comunicação Oral
Sexta-feira;Sessão 4;Tarde;16:30;Ciências da Terra;CT06;2;24ª - ENEC;202626186;Code Ufpr;DIEVAL GUIZELINI;Tecnologia e Produção;Comunicação Oral
Sexta-feira;Sessão 4;Tarde;16:50;Ciências da Terra;CT06;3;24ª - ENEC;202625442;Desmistificando a Gestão da Inovação;ANDREA PAULA SEGATTO;Tecnologia e Produção;Comunicação Oral
Sexta-feira;Sessão 4;Tarde;17:10;Ciências da Terra;CT06;4;24ª - ENEC;202625472;Disseminação de Boas Práticas em Gestão da Informação na Esfera Pública;EDSON RONALDO GUARIDO FILHO;Tecnologia e Produção;Comunicação Oral
Sexta-feira;Sessão 3;Tarde;14:00;Ciências Exatas;PA-08;1;24ª - ENEC;202625794;Divulgação e Manutenção de Banco de Germoplasma de Ipomoea Batatas (l.) Lam.;AFONSO TAKAO MURATA;Tecnologia e Produção;Comunicação Oral
Sexta-feira;Sessão 3;Tarde;14:20;Ciências Exatas;PA-08;2;24ª - ENEC;202624773;Eco Octano Elétrica: Eficiência na Mobilidade - 2026;SEBASTIAO RIBEIRO JUNIOR;Tecnologia e Produção;Comunicação Oral
Sexta-feira;Sessão 3;Tarde;14:40;Ciências Exatas;PA-08;3;24ª - ENEC;202625978;Educação Ambiental em Solos e Geotecnologias: Relato de Experiência em Escolas de Guamiranga e Ivaí;ANGELO EVARISTO SIRTOLI;Tecnologia e Produção;Comunicação Oral
Sexta-feira;Sessão 3;Tarde;15:00;Ciências Exatas;PA-08;4;24ª - ENEC;202622997;Empreendedorismo e Inovação Tecnológica;ALEXANDRE CLAUS;Tecnologia e Produção;Comunicação Oral
Sexta-feira;Sessão 3;Tarde;14:00;Ciências Exatas;PA-09;1;24ª - ENEC;202624525;Empresa Júnior de Engenharia Mecânica - Coemjr;ADRIANO SCREMIN;Tecnologia e Produção;Comunicação Oral
Sexta-feira;Sessão 3;Tarde;14:20;Ciências Exatas;PA-09;2;24ª - ENEC;202625512;Empresa Júnior de Engenharia Química - Ejeq;MYRIAM LORENA MELGAREJO NAVARRO CERUTTI;Tecnologia e Produção;Comunicação Oral
Sexta-feira;Sessão 3;Tarde;14:40;Ciências Exatas;PA-09;3;24ª - ENEC;202626020;Engenharia Química na Sociedade;ELAINE VOSNIAK TAKESHITA;Tecnologia e Produção;Comunicação Oral
Sexta-feira;Sessão 3;Tarde;15:00;Ciências Exatas;PA-09;4;24ª - ENEC;202626288;Equipe Yapira de Robótica - Ufpr - 2026;WALDOMIRO SOARES YUAN;Tecnologia e Produção;Comunicação Oral
Sexta-feira;Sessão 4;Tarde;16:10;Ciências Exatas;PA-03;1;24ª - ENEC;202625783;Escola Piloto de Engenharia Química da Ufpr 3;ALBERTO TADEU MARTINS CARDOSO;Tecnologia e Produção;Comunicação Oral
Sexta-feira;Sessão 4;Tarde;16:30;Ciências Exatas;PA-03;2;24ª - ENEC;202626375;Estímulo a Atividades de Inovação na Ufpr;MAICO DE ORNELAS;Tecnologia e Produção;Comunicação Oral
Sexta-feira;Sessão 4;Tarde;16:50;Ciências Exatas;PA-03;3;24ª - ENEC;202625669;Formação e Divulgação de Indicadores Agropecuários para o Estado do Paraná;PAULO ROSSI JUNIOR;Tecnologia e Produção;Comunicação Oral
Sexta-feira;Sessão 4;Tarde;17:10;Ciências Exatas;PA-03;4;24ª - ENEC;202623417;Fábrica de Recursos Educacionais Abertos;CELSO YOSHIKAZU ISHIDA;Tecnologia e Produção;Comunicação Oral
Sexta-feira;Sessão 4;Tarde;16:10;Ciências Exatas;PA-04;1;24ª - ENEC;202626110;Georreferenciamento na Prática: Inovações em Processos, Formação Acadêmica e Impacto Social Imediato.;CAIO DOS ANJOS PAIVA;Tecnologia e Produção;Comunicação Oral
Sexta-feira;Sessão 4;Tarde;16:30;Ciências Exatas;PA-04;2;24ª - ENEC;202625631;Grupo de Estudos em Durabilidade de Estruturas;ANA PAULA BRANDAO CAPRARO;Tecnologia e Produção;Comunicação Oral
Sexta-feira;Sessão 4;Tarde;16:50;Ciências Exatas;PA-04;3;24ª - ENEC;202626018;Iniciativa para Atrair Mulheres para os Cursos de Computação da Ufpr;RACHEL CARLOS DUQUE REIS;Tecnologia e Produção;Comunicação Oral
Sexta-feira;Sessão 4;Tarde;17:10;Ciências Exatas;PA-04;4;24ª - ENEC;202625482;Inovação e Redes Territoriais Ii;VICTOR MANOEL PELAEZ ALVAREZ;Tecnologia e Produção;Comunicação Oral
Sexta-feira;Sessão 4;Tarde;16:10;Ciências Exatas;PA-05;1;24ª - ENEC;202625717;Labinc: Laboratório de Inclusão 2025-2030;ANDREA FARIA ANDRADE;Tecnologia e Produção;Comunicação Oral
Sexta-feira;Sessão 4;Tarde;16:30;Ciências Exatas;PA-05;2;24ª - ENEC;202623992;Lampi - Laboratório de Modelagem, Prototipagem e Inovação (2024-2029);MARCIO HENRIQUE DE SOUSA CARBONI;Tecnologia e Produção;Comunicação Oral
Sexta-feira;Sessão 4;Tarde;16:50;Ciências Exatas;PA-05;3;24ª - ENEC;202626284;Liga Acadêmica de Microbiologia Industrial e Biotecnologia;DEBORA BRAND;Tecnologia e Produção;Comunicação Oral
Sexta-feira;Sessão 4;Tarde;17:10;Ciências Exatas;PA-05;4;24ª - ENEC;202626404;Lunares Ufpr Rocket;LUCIANO KIYOSHI ARAKI;Tecnologia e Produção;Comunicação Oral
Sexta-feira;Sessão 4;Tarde;16:10;Ciências Exatas;PA-07;1;24ª - ENEC;202626144;Mapeadores Livres Ufpr 2.0: Expandindo Redes e Construindo Um Futuro Sustentável;SILVANA PHILIPPI CAMBOIM;Tecnologia e Produção;Comunicação Oral
Sexta-feira;Sessão 4;Tarde;16:30;Ciências Exatas;PA-07;2;24ª - ENEC;202625690;Organizando e Padronizando os Processos;DIEGO MILNITZ;Tecnologia e Produção;Comunicação Oral
Sexta-feira;Sessão 4;Tarde;16:50;Ciências Exatas;PA-07;3;24ª - ENEC;202623386;Pitch Day Ufpr;ALESSANDRO MARQUES;Tecnologia e Produção;Comunicação Oral
Sexta-feira;Sessão 4;Tarde;17:10;Ciências Exatas;PA-07;4;24ª - ENEC;202626040;Projeto Atlante-egéria: Inteligência Estratégica, Liderança, Governança, Arquitetura de Riscos , Gestão da Ciência e Inovação;ALESSANDRA SCHOSLOSKI ALVES COUTINHO;Tecnologia e Produção;Comunicação Oral
Sexta-feira;Sessão 4;Tarde;16:10;Ciências Exatas;PA-08;1;24ª - ENEC;202624144;Projeto Tecnologia Social: Difusão de Tecnologias para a Utilização Sustentável da Água e Energia em Ááreas Rurais e Urbanas (etapa 2023-2027).;JORGE LUIZ MORETTI DE SOUZA;Tecnologia e Produção;Comunicação Oral
Segunda-feira;Sessão 5;Noite;19:20;Ciências Exatas;PA-09;2;24ª - ENEC;202623161;Talento Sem Fronteiras: Inovação e Carreira;ANDRE BELLIN MARIANO;Tecnologia e Produção;Comunicação Oral
Segunda-feira;Sessão 5;Noite;19:40;Ciências Exatas;PA-09;3;24ª - ENEC;202622943;Tecnologia da Informação na Escola;JOSE SIMAO DE PAULA PINTO;Tecnologia e Produção;Comunicação Oral
Terça-feira;Sessão 1;Manhã;09:08;Ciências Exatas;PA-04;4;24ª - ENEC;202623154;Tecnologia em Pauta: a Árealidade do Ecossistema de Inovação I9ufpr;ANDRE BELLIN MARIANO;Tecnologia e Produção;Comunicação Oral
Segunda-feira;Sessão 5;Noite;20:00;Ciências Exatas;PA-09;4;24ª - ENEC;202626422;Ufpr Aerodesign (2026);EDSON JOSE PACHECO;Tecnologia e Produção;Comunicação Oral
Terça-feira;Sessão 1;Manhã;09:24;Ciências Exatas;PA-04;5;24ª - ENEC;202626319;Ufpr Baja Sae;CLAUDIMIR JOSE REBEYKA;Tecnologia e Produção;Comunicação Oral
Sexta-feira;Sessão 4;Tarde;16:30;Ciências Exatas;PA-08;2;24ª - ENEC;202626405;Ufpr Campusmap;LUCIENE STAMATO DELAZARI;Tecnologia e Produção;Comunicação Oral
Sexta-feira;Sessão 4;Tarde;16:50;Ciências Exatas;PA-08;3;24ª - ENEC;202626029;Ufpr Carro Elétrico - 2ª Edição;JOAO AMERICO VILELA JUNIOR;Tecnologia e Produção;Comunicação Oral
Sexta-feira;Sessão 4;Tarde;17:10;Ciências Exatas;PA-08;4;24ª - ENEC;202624956;Ufpr Materiais - University Chapter Sbpmat/b-mrs;CAMILLA KARLA BRITES QUEIROZ MARTINS DE OLIVEIRA;Tecnologia e Produção;Comunicação Oral
Sexta-feira;Sessão 4;Tarde;16:10;Ciências Exatas;PA-09;1;24ª - ENEC;202626320;Ufpr na Real;NICOLLE CHRISTINE SOTSEK RAMOS;Tecnologia e Produção;Comunicação Oral
Sexta-feira;Sessão 4;Tarde;16:30;Ciências Exatas;PA-09;2;7ª - EDISPE;202625219;Gestão Enxuta da Informação: Impacto Pela Adoção da Economia Circular na Indústria da Construção Civil;LILIAN CRISTINE WITICOVSKI GUINOZA;Tecnologia e Produção;Comunicação Oral
Sexta-feira;Sessão 4;Tarde;16:50;Ciências Exatas;PA-09;3;7ª - EDISPE;202623343;Modelo de Pré-distorcedor Baseado em Tabelas de Busca;EDUARDO GONCALVES DE LIMA;Tecnologia e Produção;Comunicação Oral
Quarta-feira;Sessão 4;Tarde;16:50;Ciências Exatas;PA-09;3;7ª - EDISPE;202625222;Rede de Apoio Às Minorias/mulheres na Engenharia;LILIAN CRISTINE WITICOVSKI GUINOZA;Tecnologia e Produção;Comunicação Oral
Quarta-feira;Sessão 4;Tarde;17:10;Ciências Exatas;PA-09;4;24ª - EAF;202625051;Monitoria em Geologia Econômica;ARIADNE BORGO;Trabalho;Comunicação Oral
Quinta-feira;Sessão 2;Manhã;11:30;Ciências da Terra;CT03;4;24ª - EAF;202626024;Considerações Acerca da Produção da Saúde e Doença no Trabalho em Mulheres;BEATRIZ HELENA CECCATO;Trabalho;Comunicação Oral
Quinta-feira;Sessão 3;Tarde;14:20;Ciências da Terra;CT05;2;24ª - EAF;202625080;Extração e Caracterização Química de Compostos Presentes na Piper Rivinoides Kunth;BEATRIZ HELENA LAMEIRO DE NORONHA SALES MAIA;Trabalho;Comunicação Oral
Quinta-feira;Sessão 3;Tarde;14:40;Ciências da Terra;CT05;3;24ª - ENEC;202622931;Incubadora Tecnológica de Cooperativas Populares - Itcp;MARIA RITA TAQUES MICHALSKI;Trabalho;Comunicação Oral
Quinta-feira;Sessão 3;Tarde;15:00;Ciências da Terra;CT05;4;24ª - ENEC;202625914;Programa Agetur - Núcleo de Desenvolvimento e Planejamento do Turismo;MARGARETE ARAUJO TELES;Trabalho;Comunicação Oral
Sexta-feira;Sessão 2;Manhã;10:50;Ciências Exatas;PA-07;2;24ª - ENEC;202625844;Psieppeo e Extensão;CAMILA BRUNING;Trabalho;Comunicação Oral
Sexta-feira;Sessão 2;Manhã;11:10;Ciências Exatas;PA-07;3;24ª - ENEC;202625426;Carreira e Bem-estar Ao Longo do Ciclo de Vida;SAMANTHA DE TOLEDO MARTINS BOEHS;Trabalho;Comunicação Oral
Sexta-feira;Sessão 4;Tarde;16:50;Ciências da Terra;CT03;3;24ª - ENEC;202625078;Carreira e Bem-estar Ao Longo do Ciclo de Vida;SAMANTHA DE TOLEDO MARTINS BOEHS;Trabalho;Comunicação Oral
Sexta-feira;Sessão 4;Tarde;17:10;Ciências da Terra;CT03;4;24ª - ENEC;202625842;Economia Política do Poder (epp) e Extensão - Ciclo 2026 - 2030;CAMILA BRUNING;Trabalho;Comunicação Oral
Sexta-feira;Sessão 2;Manhã;11:30;Ciências Exatas;PA-07;4;24ª - ENEC;202625697;Ecossistemas de Integração de Migrantes no Mundo do Trabalho;CAMILA BRUNING;Trabalho;Comunicação Oral
Sexta-feira;Sessão 4;Tarde;17:10;Ciências Exatas;PA-09;4;24ª - ENEC;202625719;Escritório Modelo de Secretariado da Universidade Federal do Paraná;JULIANA DA SILVA PASSOS;Trabalho;Comunicação Oral
